dust_accumulated,partial_dependence
1.125,2.820650125833645
8.387278911564625,2.809153594468076
15.64955782312925,2.8181126275777757
22.911836734693875,2.84663362442864
30.1741156462585,2.845563362682557
37.43639455782312,2.845740728621501
44.69867346938775,2.845740728621501
51.96095238095238,2.8464794161521367
59.223231292517,2.846444527099806
66.48551020408162,2.846444527099806
73.74778911564624,2.847001730322181
81.01006802721088,2.842788084092113
88.2723469387755,2.8448005548937307
95.53462585034012,2.8416580417789237
102.79690476190476,2.8383845314321063
110.05918367346938,2.837439737486071
117.321462585034,2.8364197005331215
124.58374149659862,2.827779602666793
131.84602040816324,2.827015609877289
139.10829931972788,2.827170572556076
146.37057823129248,2.8272133035700513
153.63285714285712,2.8272133035700513
160.89513605442176,2.827928626087836
168.15741496598636,2.827560608270521
175.419693877551,2.827427119640254
182.68197278911563,2.82918980623852
189.94425170068024,2.829926283110712
197.20653061224488,2.833990609579513
204.4688095238095,2.8355427853269095
211.73108843537412,2.8355427853269095
218.99336734693875,2.8346552290030265
226.25564625850336,2.8346552290030265
233.517925170068,2.8346552290030265
240.78020408163263,2.8365032706071016
248.04248299319724,2.8376311988379155
255.30476190476188,2.837558264203779
262.5670408163265,2.837558264203779
269.8293197278911,2.837558264203779
277.09159863945575,2.837558264203779
284.3538775510204,2.837558264203779
291.61615646258497,2.8377123279982523
298.8784353741496,2.837801190727734
306.14071428571424,2.837801190727734
313.4029931972789,2.837801190727734
320.6652721088435,2.837801190727734
327.92755102040815,2.837801190727734
335.1898299319727,2.837801190727734
342.45210884353736,2.8376518646353857
349.714387755102,2.8376518646353857
356.97666666666663,2.8376518646353857
