date,pi,pi_temp_corrected,pi_14d,pi_temp_corrected_14d
2023-01-01,2.122794655656142,2.101018149674905,,
2023-01-02,2.133043290190825,2.116662417691742,,
2023-01-03,2.127605276348651,2.125068696952986,,
2023-01-04,2.2017340951727573,2.1858577097014704,,
2023-01-05,2.1657811920930934,2.1495509627664138,,
2023-01-06,2.132239818891587,2.121778896385818,,
2023-01-07,2.1428592301712377,2.1351239651767724,2.146579651217756,2.1335801140500155
2023-01-08,2.1554432113178943,2.1399308304371094,2.1476875962302735,2.134373953598402
2023-01-09,2.177503640995889,2.166508609801148,2.1510004900931197,2.1379444709542628
2023-01-10,2.482497760161807,2.4205572139062057,2.1841502170999885,2.1662057452494574
2023-01-11,2.4824483136618785,2.4214377922711257,2.211268225878342,2.189408658615063
2023-01-12,3.791187573160181,3.7131001108753194,2.342928171485162,2.3163829463034182
2023-01-13,7.5603279005934105,7.290309273827928,2.7442666121857964,2.6989926638053037
2023-01-14,2.4937530891127047,2.430236701155916,2.726372789109147,2.679795809330347
2023-01-15,2.4435637982162173,2.395069625964501,2.749284870720581,2.7007994862081754
2023-01-16,2.2863247378166536,2.256528454845654,2.7602335455509968,2.7107899174334547
2023-01-17,2.4013660025288224,2.385867062154123,2.7797878831352953,2.7294183720906786
2023-01-18,2.2986755647827026,2.313126824619513,2.78671227382172,2.7385090231562534
2023-01-19,2.2174967837335364,2.242413973925258,2.79040624465318,2.7451420953818855
2023-01-20,2.4203860377987323,2.3671546476594894,2.810988117432262,2.762668934758576
2023-01-21,2.4325458132530255,2.409313132972921,2.8316800162238183,2.7822538753154435
2023-01-22,2.4314935834528275,2.414956914423302,2.851397899947742,2.801898595600172
2023-01-23,2.2751465976809184,2.2856354023510095,2.8583723968538157,2.810407652210876
2023-01-24,2.299249138147296,2.2806199181027313,2.845283209567065,2.8004121310820564
2023-01-25,2.4461425950126707,2.3644914111114366,2.842689943949264,2.7963445324277925
2023-01-26,2.4469876130555925,2.3708820522126848,2.7466756610846508,2.70047181395189
2023-01-27,2.421921227474934,2.365175613862937,2.3796466130047595,2.34867655252582
2023-01-28,2.5164285946434513,2.4233708996619634,2.381266291971241,2.348186138133395
2023-01-29,2.4958216823590043,2.439909007124643,2.3849989979814405,2.3513889510734045
2023-01-30,2.4304529730942814,2.380127531769551,2.3952938719298422,2.3602174565679688
2023-01-31,2.5131645069506625,2.441904889342877,2.4032794793885452,2.3642201585100224
2023-02-01,2.37642921928587,2.354241717268178,2.4088333118530576,2.3671569365563556
2023-02-02,2.35912752410672,2.350295676047805,2.418949793308285,2.374862772422252
2023-02-03,2.5646570805634683,2.4870134280629874,2.4292548677914803,2.383424113879645
2023-02-04,2.484223269239336,2.4224067298363585,2.4329461146476454,2.3843593707984616
2023-02-05,2.5992752453808534,2.4840779421217887,2.4449305190710757,2.3892965870626393
2023-02-06,1.7070223414065993,1.6087016786935864,2.404350215051481,2.3409441782299667
2023-02-07,2.4730209759879425,2.3898350499004746,2.416762489182956,2.348745259072662
2023-02-08,2.544438772803002,2.4614747658210048,2.4237836447394083,2.355672641551917
2023-02-09,2.647030224254363,2.5611104380942167,2.438072402682178,2.3692603834005976
2023-02-10,2.563165113477959,2.5065701537206957,2.448161251682394,2.379359993390438
2023-02-11,2.5471061925435308,2.492441371242039,2.4503525086752562,2.3842935985033007
2023-02-12,2.480986765267703,2.4729067998935093,2.4492928717401634,2.3866505837010763
2023-02-13,2.5030356098540643,2.478604316927648,2.4544773457944338,2.3936846397837974
2023-02-14,2.5211183364113863,2.5458214228795937,2.4550454764702,2.4011072493221346
2023-02-15,2.593594496889864,2.5870082702618085,2.4705572820133423,2.4177334316788226
2023-02-16,2.4943306544673103,2.529692862072682,2.48021464846767,2.4305475163948853
2023-02-17,2.4970484383341316,2.538179639390454,2.475385459737003,2.434202245775418
2023-02-18,2.4573343466506854,2.5099107010611643,2.4734648224092424,2.440452529434333
2023-02-19,2.4899241899374553,2.5607648143158195,2.4656540327347143,2.4459301631624784
2023-02-20,2.419654033445747,2.466550611610774,2.516556296451796,2.5072050869422773
2023-02-21,2.5009722405674535,2.5564938273172575,2.5185528153503327,2.5191092853291903
2023-02-22,2.4437516958157848,2.5319355835272703,2.5113608812798174,2.524142200879638
2023-02-23,2.450345738001127,2.527131985266151,2.497311989404586,2.5217151685347763
2023-02-24,2.506239726253588,2.5635970047383525,2.4932458903171306,2.5257885150360373
2023-02-25,2.4572656072787926,2.5197132890357996,2.486828705655364,2.5277365091641633
2023-02-26,0.6320004186111983,0.6403175094109106,2.3547582523227564,2.396837274129692
2023-02-27,2.47826056707102,2.503186042085082,2.352988606409682,2.3985931116409374
2023-02-28,2.3933747236965583,2.3409068327843916,2.3438640626443368,2.3839563552055654
2023-03-01,2.4564289704243234,2.48898896476353,2.3340665250396557,2.376954976241403
2023-03-02,2.4576267041571027,2.420602703298746,2.331444814303212,2.3691628220432643
2023-03-03,2.5247884553380575,2.479113627404167,2.333426244089207,2.3649438211871012
2023-03-04,2.4693497026740454,2.392781927242861,2.334284483805161,2.35657748020008
2023-03-05,2.4374630029542828,2.3497245336314565,2.330537256163506,2.341503174436911
2023-03-06,2.441896724513258,2.5030704629451037,2.332126019811185,2.3441117352465057
2023-03-07,2.522106701129697,2.567748157149259,2.3336356241370595,2.344915615948792
2023-03-08,0.3012023758273584,0.3028615206432071,2.1805963869950293,2.1856960400285015
2023-03-09,0.5928380561284631,0.6115705250149335,2.0479172668612673,2.048870221439129
2023-03-10,2.466122160878923,2.5279103461917196,2.045051726477363,2.0463211744000835
2023-03-11,2.530010813174613,2.5740907770594768,2.0502478126127786,2.050205280687489
2023-03-12,2.5866441956843507,2.573932454890723,2.189865225260861,2.188320633936047
2023-03-13,2.5832455976543174,2.637536680152926,2.197364156016811,2.1979171080837503
2023-03-14,2.537107670049629,2.6546905512927634,2.20763079504203,2.220330230834348
2023-03-15,2.433583008772081,2.5145420966839085,2.2059989406382985,2.2221554545429467
2023-03-16,2.5570274346817206,2.5679382297288464,2.213098992818628,2.2326794207165253
2023-03-17,2.6323336098693013,2.602165699991272,2.2207807895708602,2.241468854472747
2023-03-18,2.4501112702922323,2.433627751822777,2.219406615829302,2.2443864133713123
2023-03-19,2.5707160295277207,2.558182799153493,2.2289246891559764,2.259276289480029
2023-03-20,2.4841909080425557,2.6332555260597648,2.231945702265212,2.268575222559648
2023-03-21,2.6508007248454124,2.7530232006307065,2.2411381325306197,2.281809154236894
2023-03-22,2.560107208107467,2.528056455694332,2.4024884776934847,2.4407516495976886
2023-03-23,2.476754690100702,2.565574200814623,2.537053951548645,2.580323340726238
2023-03-24,2.529958005406692,2.683632591683655,2.5416136547291996,2.591446358261376
2023-03-25,2.4901048699224324,2.6747900689011797,2.5387632302111873,2.598639164821498
2023-03-26,2.5051963847959193,2.6783730086024433,2.5329455294334413,2.606099204372335
2023-03-27,2.487643747417589,2.6805982344553767,2.5261168258451043,2.6091750296796534
2023-03-28,2.663873837585834,2.7199232391090877,2.5351715520976903,2.613834507380819
2023-03-29,0.12913019548746849,0.13467775457451892,2.370567779720218,2.4438441972301486
2023-03-30,1.1429606693226324,1.2152517555372728,2.269563010765997,2.347223734787893
2023-03-31,2.694947681229629,2.8437718916736707,2.274035444434592,2.3644813199080645
2023-04-01,2.67733583453615,2.8331386895122184,2.2902657704520144,2.39301781545731
2023-04-02,2.6769047744738965,2.6988796995945905,2.2978506808053125,2.403067594060246
2023-04-03,2.6775629495304276,2.7605944412759853,2.311662969483018,2.4121632308614047
2023-04-04,2.734459532438344,2.7127524266146272,2.317638598596799,2.409286747003113
2023-04-05,2.7168252495380107,2.7582524778474813,2.3288327444132664,2.425729320014052
2023-04-06,2.7300668234213923,2.735487219842168,2.3469264682218873,2.4378659642303053
2023-04-07,2.6876299829843724,2.8068543371417287,2.3581887523345784,2.446667517477311
2023-04-08,2.6606045844394925,2.8080270271233205,2.3703673033715114,2.4561844430646067
2023-04-09,2.692223205293147,2.857944701224528,2.3837263619784563,2.4690109925376125
2023-04-10,2.6831781651631963,2.698811028043136,2.397693106103142,2.4703119063653096
2023-04-11,2.8229454175573694,2.9017560540535694,2.409055361815395,2.4832999645756297
2023-04-12,2.409093314300012,2.545330820789642,2.571909870302005,2.655489469305281
2023-04-13,1.1238124425385048,1.2314345641975895,2.5705421398174244,2.6566453842095896
2023-04-14,1.6970883425663883,1.8388653390806915,2.49926647277005,2.584866344738663
2023-04-15,2.6930073513972514,2.772003978527408,2.5003858668315577,2.580499579668319
2023-04-16,2.6139030600933735,2.7721620368051547,2.495885744375806,2.5857340323262163
2023-04-17,2.770653462101071,2.9110279289313157,2.50253506670228,2.5964792814444544
2023-04-18,2.8073746531979213,2.960973292118248,2.5077432896136784,2.614209343266142
2023-04-19,2.900434037001844,3.0254260475211683,2.5208582030039524,2.6332931696714046
2023-04-20,2.6726586978688878,2.879026249810303,2.516757622607345,2.6435459575262716
2023-04-21,2.6771816923431446,2.896253557175178,2.5160113161329716,2.6499316161000896
2023-04-22,2.6343423668286343,2.821978195686347,2.5141354434464818,2.6509281281403054
2023-04-23,2.748497115281738,2.982987595032089,2.518155008445667,2.6598597634122743
2023-04-24,2.681257438847669,2.943871305024321,2.5180178137088434,2.67736406891093
2023-04-25,2.6660632133499864,2.8981203924286305,2.5068119419797443,2.677104378794863
2023-04-26,2.6600937289577344,2.8563250447341213,2.524740543026725,2.6993182519337546
2023-04-27,2.8590518296393097,2.957558873338744,2.648686213533925,2.8226128454438375
2023-04-28,2.737414983710254,2.924486299487764,2.7229952593299154,2.900157199758628
2023-04-29,2.7410558049595557,3.010288136605532,2.726427291727223,2.917177496764208
2023-04-30,2.706307963015978,2.943615665495653,2.7330276419359807,2.9294241845278153
2023-05-01,2.6642080497950675,2.916856264666683,2.7254243981998374,2.9298404942231993
2023-05-02,2.656758697529621,2.9413119379389414,2.714666115652102,2.92843611178182
2023-05-03,2.7466768125043863,2.8989197748840234,2.703683456759426,2.9193999494505953
2023-05-04,2.635705770014937,2.85055957130297,2.7010439619127156,2.9173666152715
2023-05-05,2.7775956862211117,2.8090799124018098,2.708216390046856,2.9111399263591164
2023-05-06,2.7062660903256557,2.8799677448995937,2.7133537988680714,2.9152820370172057
2023-05-07,2.689649469085364,2.973752488898167,2.7091503955683307,2.9146223865790684
2023-05-08,2.6641351408202785,2.9845923790321587,2.7079273742806604,2.917531034722485
2023-05-09,2.7255453120099715,2.8925108294395954,2.7121760956135157,2.9171303516518394
2023-05-10,2.2679079829504247,2.371258029119369,2.6841628280415653,2.8824827076793578
2023-05-11,2.8206077850240154,2.956594501236841,2.6814168248547587,2.8824138239577928
2023-05-12,2.85771585329242,2.894658174426303,2.6900097441106277,2.88028324359626
2023-05-13,2.664085321412654,2.9297446476557147,2.684511852428706,2.8745301372427017
2023-05-14,2.7345103479653403,2.9147881748363598,2.686526308496518,2.872471030767038
2023-05-15,2.6642117435554225,2.9533134422368934,2.6865265723365432,2.8750751148791953
2023-05-16,2.6675656526310183,2.8515128875854536,2.6872984977009287,2.8686608969968037
2023-05-17,2.679305132206525,2.9422459946493973,2.68248623482251,2.8717556269800446
2023-05-18,2.8426961290121553,2.9942734234892585,2.6972712604651683,2.882020902136208
2023-05-19,2.6734959512378396,2.9089958297805136,2.6898355651092203,2.889157753377544
2023-05-20,2.655786099968409,2.908220718634705,2.686229851512274,2.8911758229300517
2023-05-21,2.7165295044725433,2.931465303961417,2.68814985403993,2.888155309720285
2023-05-22,2.8298148914192,3.067430694190399,2.6999841219398526,2.894072332231587
2023-05-23,2.7551190169184037,2.883278650544421,2.7020965294333124,2.8934128908819323
2023-05-24,2.7096499681481148,2.93344509149981,2.7336495283760045,2.9335691096233916
2023-05-25,2.6577476658927233,2.9835246245385765,2.7220166627237687,2.93549268985923
2023-05-26,2.6314168450584425,2.9714481712561964,2.7058524478499137,2.940977689632794
2023-05-27,2.6531434316092377,2.9981855563147835,2.705070884292527,2.945866325965585
2023-05-28,2.753160400571715,2.948264408228694,2.7064030309072677,2.9482574854936083
2023-05-29,2.8199745035119017,3.0059030724860065,2.7175289423327307,2.9520138876542594
2023-05-30,2.668315479296078,2.8657995149993827,2.717582501380235,2.953034361040969
2023-05-31,2.601060212435377,2.8826788703488484,2.7119935785394387,2.948779566448072
2023-06-01,2.6509457075424265,3.0371347972662766,2.6982971198630294,2.951841093146431
2023-06-02,2.5660088293884473,2.7963090566234396,2.6906194683023585,2.9437920379209253
2023-06-03,2.673425019572213,2.8685656202837704,2.691879391131202,2.940959530895859
2023-06-04,2.756953496584294,3.0222015833287865,2.6947668191391836,2.947440693707814
2023-06-05,2.6819030243252806,3.062912055099327,2.6842016857753324,2.9471179337727373
2023-06-06,2.6588411695782197,3.046452781117762,2.677324696679605,2.95877322881369
2023-06-07,2.651395813437946,3.0488188823054716,2.6731636856288787,2.9670142138712374
2023-06-08,2.725974453799508,3.014573033026145,2.6780370276222207,2.969231957334635
2023-06-09,2.6530595096028686,3.031865706126102,2.679582932232537,2.973547495539628
2023-06-10,2.629205045580984,3.021552541485131,2.6778730475162327,2.9752165659089385
2023-06-11,2.622059389764576,2.848104547361986,2.6685086896014374,2.9680622901327456
2023-06-12,2.607586740673706,3.006231876438706,2.6533381351129948,2.968085776129367
2023-06-13,2.635139082465612,3.0233418440013415,2.6509683924822474,2.9793387996295064
2023-06-14,2.6449825550137134,3.0608928492543304,2.654105702666414,2.9920683695513266
2023-06-15,2.6190777213380008,3.001030430728235,2.6518294179375266,2.989489486227181
2023-06-16,2.6246817090553485,2.870184756027646,2.6560203379137337,2.9947663218989105
2023-06-17,2.7340986445576534,2.832581147245864,2.6603541682698366,2.992196002396202
2023-06-18,2.708286998118651,2.85610736356502,2.656877989808005,2.9803321295559333
2023-06-19,1.401414198877757,1.5837716459014017,2.565414502276039,2.874679243184653
2023-06-20,1.2066365544578372,1.3848751839088453,2.4616856011960118,2.755995129098302
2023-06-21,2.474902987384566,2.837023470649398,2.449078970763627,2.7408668854085825
2023-06-22,2.6041634621583674,3.0443093977727957,2.4403781856464026,2.742990911461914
2023-06-23,2.649635231715118,3.111519758450335,2.4401335943687066,2.7486804866279315
2023-06-24,2.629332925877628,3.0912067023049685,2.44014272867561,2.7536557838293483
2023-06-25,2.6402347074240557,3.10461435219639,2.4414409656512865,2.7719779127460913
2023-06-26,2.661307504716444,3.0788339494095247,2.445278163082911,2.77716377510115
2023-06-27,2.64473139871421,3.0908197551655134,2.4459633285292393,2.7819836258985906
2023-06-28,2.6479515464099967,3.122296718135486,2.4461753993432596,2.786369616532959
2023-06-29,2.7191341048973046,3.053664122873097,2.45332228388321,2.7901291659718774
2023-06-30,2.683614384749467,3.1379471258415688,2.4575317607185037,2.809255049530015
2023-07-01,2.647418993281858,3.1270055551700753,2.451340357055947,2.8302853643817443
2023-07-02,2.619450638500934,3.0767254301410993,2.444994902797539,2.846043797708607
2023-07-03,2.6507734197210047,3.0729177341141116,2.534234847143485,2.952411375438086
2023-07-04,2.627681679467233,3.0979030207360494,2.6357380703584417,3.0747705066400295
2023-07-05,2.6309198692788414,3.0822457264568675,2.64688213335089,3.0922863820548483
2023-07-06,2.6573066840616955,3.075358598468065,2.650678077772557,3.094504182104511
2023-07-07,2.615030503327348,3.041646079327412,2.6482063114591443,3.089513205024302
2023-07-08,2.66362025601338,3.0804207580898355,2.650655406468841,3.0887427804375065
2023-07-09,2.6797962478793886,3.153891134381588,2.653481230787079,3.0922625505935923
2023-07-10,2.656471237543642,3.122451030169237,2.653135783131879,3.095378056362143
2023-07-11,2.636989556383681,3.0847346074035213,2.6525827943939837,3.0949434029505722
2023-07-12,2.6181519524235393,3.084008834411017,2.65045425196638,3.0922085541131104
2023-07-13,2.4020820070945597,2.8557355260640223,2.627807673551898,3.0780707971981762
2023-07-14,2.56912424149097,3.072204630133639,2.6196298061762913,3.07337490464761
2023-07-15,2.629215764491443,3.109157262785259,2.6183295755484046,3.0721000266201233
2023-07-16,2.6303894450560183,3.128120695341128,2.619110918873768,3.075771116991554
2023-07-17,2.666311472197963,3.1585477842859384,2.6202207797649786,3.0818875491466846
2023-07-18,8.019502938635878,9.498921935446884,3.005350869705597,3.539103185911744
2023-07-19,2.5288506867134433,2.9962055365576954,2.998060213808068,3.532957458061803
2023-07-20,2.6298686503516215,3.1181688591512344,2.9961003542573477,3.5360153338248863
2023-07-21,2.5989010721882475,3.0810851157719688,2.9949482520331263,3.538832407856641
2023-07-22,2.563775629671854,3.0456324338606544,2.987816493008732,3.5363475275545566
2023-07-23,2.5707696276019663,3.0647589714695753,2.98002887727463,3.5299809444894126
2023-07-24,2.6541605282015297,3.132720837133633,2.9798638266073363,3.5307145021297264
2023-07-25,2.596541237466876,3.0740436441659607,2.976974660970422,3.5299508618984725
2023-07-26,2.544088334770577,2.990138143125995,2.971684402566639,3.5232458125209702
2023-07-27,2.678428178082725,3.1218495027999564,2.9914234147800793,3.5422539537163944
2023-07-28,2.6450138700988757,3.1027001124404228,2.9968441025377865,3.5444322024525934
2023-07-29,2.44072506132007,2.8653078745133023,2.983380480882689,3.5270143890045964
2023-07-30,2.4500849663806905,2.878810817864755,2.9705015895487366,3.5092065406134267
2023-07-31,2.589762630898801,3.033094029912763,2.9650338151702256,3.5002455581581997
2023-08-01,2.6482519045098307,3.075980070280559,2.581373027018365,3.0414639963606054
2023-08-02,2.5973535143148716,3.049326610326614,2.5862660861327527,3.045258358772671
2023-08-03,2.542709939818594,3.0013016397545824,2.580040463951822,3.0369107002443383
2023-08-04,2.539767487692001,3.017930241335617,2.575816636487805,3.032399637784599
2023-08-05,2.572863486664489,3.0183128580132568,2.5764657691301354,3.030448239509785
2023-08-06,2.64313900883839,3.0315781123763452,2.581635010647023,3.028078178145983
2023-08-07,2.58007364662578,3.001615165044432,2.5763430905344693,3.0187134872824686
2023-08-08,2.6449893783153313,3.062760244366499,2.5798036720236444,3.0179075301539355
2023-08-09,2.6317330750012253,2.9656078482873225,2.586064010611548,3.0161553662368874
2023-08-10,2.622117514958813,2.96701561848446,2.5820418203884117,3.005095803071495
2023-08-11,2.665964390208853,3.0483633088820357,2.583538286110553,3.0012146028173246
2023-08-12,2.6362374973881093,3.0012353976126085,2.5975034601154126,3.010923711610132
2023-08-13,2.729806283373039,3.0254389403263677,2.6174835541862946,3.021397148928819
2023-08-14,2.6227857171848834,2.95880868102049,2.6198423460638725,3.0160910525793705
2023-08-15,2.6615135183373826,3.033323457057385,2.6207896041944116,3.0130441516348583
2023-08-16,2.6689734252528377,3.0441908800286717,2.625905312118552,3.0126773137564338
2023-08-17,2.6642380749578245,3.0480844626158294,2.6345858931999255,3.016018943960809
2023-08-18,2.6551784967263226,3.041114089717775,2.642829536702377,3.0176749331309627
2023-08-19,2.666694632272749,3.046333287835362,2.649531761388681,3.01967639240397
2023-08-20,2.6961844051728407,3.0386065611572333,2.653320718269714,3.020178424459748
2023-08-21,2.700915276393781,3.127285845176825,2.6619522632531423,3.029154901612062
2023-08-22,2.692936920872042,3.1114426487179876,2.665377087721479,3.032632216208597
2023-08-23,2.7313700999252974,3.140309363073724,2.6724940180731984,3.045110895836197
2023-08-24,2.7558766348661763,3.1482928038513016,2.6820482409237245,3.058059266219543
2023-08-25,2.725941389187293,3.115415921979831,2.686332312279327,3.062848738583671
2023-08-26,2.7250271730712714,3.0493862601905084,2.6926744319709814,3.0662880859106636
2023-08-27,2.7656530178029843,3.0051780754738755,2.695234913001692,3.064840881278343
2023-08-28,2.761353462722958,3.161325143088238,2.7051326091115544,3.079306342854611
2023-08-29,2.7401485555363623,3.1346975948421716,2.71074939748291,3.0865473526963814
2023-08-30,2.813602658495347,3.1704213636407776,2.7210800570002323,3.0955638158115315
2023-08-31,2.8113436596339403,3.1955098511305065,2.731587598762812,3.1060942007054373
2023-09-01,2.810448424663661,3.1373107825607898,2.742678307901193,3.112965393051367
2023-09-02,2.8446858514970206,3.127014190871458,2.755391966417213,3.1187283146968023
2023-09-03,2.8423412423300993,3.1894096435551433,2.765831740499874,3.12949996343951
2023-09-04,2.890515053443922,3.1705278133348047,2.779374581717741,3.132588675450794
2023-09-05,2.9182147096795004,3.0467804335936646,2.795465852346845,3.1279699457990566
2023-09-06,2.9165372022931697,3.159318665170862,2.80869207394455,3.129327753091709
2023-09-07,2.796647664903326,3.106962503213182,2.8116042903757754,3.126375588760415
2023-09-08,2.8868605891703396,3.19797970956735,2.823098518945993,3.132273002159524
2023-09-09,2.86284076933034,3.1928220921138335,2.8329423472502127,3.1425184187254755
2023-09-10,2.8915803152628934,3.224433740005165,2.8419371542116347,3.1581795376205677
2023-09-11,2.8849418472304755,3.2188226042018435,2.8507648959621714,3.1622864991286823
2023-09-12,2.8880445654094977,3.2299442587768343,2.8613288966673953,3.1690898322668724
2023-09-13,2.865291698334583,3.201226768070269,2.865020970941626,3.17129021829755
2023-09-14,2.8326367309243135,3.157334182718808,2.8665419046052243,3.1685633848395724
2023-09-15,2.832318035066405,3.162157587445954,2.868104019633992,3.170338156617084
2023-09-16,2.882318233418197,3.21368348039232,2.870792046914076,3.1765288201542883
2023-09-17,2.8921274439378784,3.202531103123139,2.874348204171774,3.1774660672662876
2023-09-18,2.8892619121987693,3.1891417255886885,2.8742586940828345,3.17879563242728
2023-09-19,2.901791266276903,3.2212950835913388,2.8730855909826496,3.1912609645699703
2023-09-20,2.890744147822009,3.1974933398776066,2.8712432299489947,3.193987727049024
2023-09-21,2.883905981372987,3.1659524395441654,2.877475966839685,3.1982012939298086
2023-09-22,2.834930914386379,3.128233788542431,2.8737667043551163,3.193219442428028
2023-09-23,2.836794303083736,3.1599766342128275,2.871906242480359,3.190873338292242
2023-09-24,2.7916466930226007,3.1139347197278315,2.864768126606052,3.1829805511295755
2023-09-25,2.9389972060885055,3.1280141401187067,2.8686292236673405,3.1764942322664944
2023-09-26,2.915637965106904,3.1656809214823327,2.8706001807885833,3.171903993888315
2023-09-27,2.9032690413117104,3.100920934121096,2.8733128481440926,3.1647392914633747
2023-09-28,2.8299126236150514,2.9768448805551224,2.873118269050574,3.1518471984516827
2023-09-29,2.930106923334476,3.1649309535121564,2.8801031896411504,3.15204529602784
2023-09-30,2.9357220396801322,3.1569576882775094,2.8839177472312882,3.147993453733925
2023-10-01,2.945486050347014,3.17393943305516,2.887729076260513,3.145951191586213
2023-10-02,2.9441019406575966,3.13638261405693,2.891646221150429,3.1421826836196582
2023-10-03,3.1990622318744397,3.433376402043997,2.912879861550253,3.1573313492234196
2023-10-04,2.9303108509652196,3.15107694276096,2.915706054631911,3.154015892286516
2023-10-05,2.9430768674366994,3.154804858705868,2.9199325464936043,3.1532196365123517
2023-10-06,2.957061671696477,3.1654609472317854,2.9286561720157542,3.155878719275877
2023-10-07,2.947070148926075,3.172925247813313,2.93653301814735,3.156803620247341
2023-10-08,2.8738126259830588,3.0968103940284726,2.942402013358812,3.155580454125958
2023-10-09,2.9194823313566567,3.0882469868797746,2.9410080937351077,3.1527399431803205
2023-10-10,2.856971973135904,3.053695659899446,2.9368176657371796,3.1447409959244
2023-10-11,2.898935684104201,3.0748122206345077,2.936508140222357,3.1428760878182147
2023-10-12,2.9287170340494386,3.1228189352601015,2.9435655981105278,3.1533028060114274
2023-10-13,2.8994715781232436,3.0972098778257537,2.9413773591668684,3.1484655863195417
2023-10-14,2.8714801932625957,3.0483220898685217,2.93678865585133,3.140705900718899
2023-10-15,2.885822335231061,3.0739672207168454,2.9325269619144763,3.1335650284090195
2023-10-16,2.900459372467935,2.9851649836525036,2.929409635615215,3.122763769094418
2023-10-17,2.8651162095370784,2.9870844691978045,2.905556348305403,3.090885773891119
2023-10-18,2.979361069718204,3.0239162710329266,2.9090599353591875,3.0818028687676877
2023-10-19,2.8920756097684337,3.0409910403972886,2.905416988382883,3.073673310317075
2023-10-20,2.846521383592223,3.002512379209303,2.8975212535182933,3.0620341268868976
2023-10-21,2.817566389715828,2.993230017387276,2.888270985003276,3.049198753285037
2023-10-22,2.8141436564241777,2.9753915945901204,2.88400891574907,3.0405259818965833
2023-10-23,2.8183988536972198,2.9208611412504406,2.8767886673448246,3.028569850065917
2023-10-24,2.888305251769105,3.018601618440757,2.879026758675767,3.026063132818868
2023-10-25,2.922874788026253,3.0096455335487806,2.8807366946702,3.0214083694556018
2023-10-26,2.8858759886610774,2.9112089651749087,2.8776766199996024,3.0062933715923736
2023-10-27,2.825157801672655,2.948668622847262,2.8723684931102746,2.995683281951053
2023-10-28,2.7911583135869904,2.948671588995106,2.8666312159905885,2.9885653890315234
2023-10-29,2.734760451102766,2.858427487706172,2.855841081409996,2.9731696938164753
2023-10-30,2.8164228835220264,2.949529625136384,2.849838475056717,2.970624311065324
2023-10-31,2.8005455295310213,2.914834679157734,2.845226283627713,2.965463611776747
2023-11-01,2.8372700003635623,2.945049612916257,2.835076921530953,2.959830279054128
2023-11-02,2.8325687815630762,2.908966265658224,2.830826433801999,2.9503999380013375
2023-11-03,2.6698566180950456,2.752454627615527,2.8182075219807716,2.9325386700303535
2023-11-04,2.7841142557689746,2.841855731786008,2.815818083841711,2.9217262210588344
2023-11-05,2.7450760967381758,2.859054384503566,2.8108846867212818,2.913416420338366
2023-11-06,2.6985072146934947,2.821462740179734,2.802320998221016,2.9063165345476016
2023-11-07,2.6943171533648416,2.804229665367045,2.788464705477854,2.8910042521851933
2023-11-08,2.7185548810075835,2.812553191937911,2.773870426405092,2.8769262277844168
2023-11-09,2.8207513331456844,2.8369599789168953,2.76921866529685,2.871622728765988
2023-11-10,2.6231956949758755,2.6785527304204746,2.754792800532794,2.8523287364497882
2023-11-11,2.490112804673994,2.530025271046244,2.733289549896152,2.8224254280248693
2023-11-12,2.5665603510444006,2.6301101126720354,2.72127525703484,2.8061170440938596
2023-11-13,3.0029583309244585,2.9677866584331465,2.7345992175635847,2.807421117900771
2023-11-14,2.652499195993865,2.719873871636644,2.724024479453788,2.793495345934979
2023-11-15,2.6535259184236613,2.723931751264349,2.710899902172366,2.777701212959843
2023-11-16,2.9167940626347195,2.978692851491234,2.716915993677484,2.7826816833764867
2023-11-17,2.978697921494087,3.008685426458654,2.7389760867774156,2.8009838832938527
2023-11-18,3.240475555851877,3.1464009532262556,2.7715733224976224,2.8227371133967276
2023-11-19,2.909166198928032,2.888707230872382,2.7832940440826124,2.824855173851643
2023-11-20,2.600895140147277,2.6376705875569364,2.776321753043597,2.8117271629500147
2023-11-21,2.705365163228857,2.7354375953513346,2.777110896605312,2.806813443663178
2023-11-22,2.828118900033565,2.810887864622609,2.784936897964311,2.8066944917120855
2023-11-23,2.949004506479534,2.9610902270860757,2.7940978389167284,2.8155609380098836
2023-11-24,2.8362249714917467,2.8424158123480368,2.8093142158107196,2.8272654438618523
2023-11-25,3.0124223672933566,3.0158121715889328,2.8466220417121026,2.8619645081863303
2023-11-26,2.955625472249714,2.8835774865132513,2.8744124075124824,2.8800693206035604
2023-11-27,0.2615297506534018,0.2554152037946834,2.678596080350264,2.6863285024150985
2023-11-28,3.0436433874998126,2.961056589019801,2.7065349511721175,2.703555839371038
2023-11-29,2.776193252552295,2.787255463010228,2.7152969036098766,2.708078961638601
2023-11-30,0.03943777240462294,0.03958150273643462,2.509771454307727,2.498142436727544
2023-12-01,2.0577859709460635,2.0707212923188836,2.4439920292685824,2.431144998574703
2023-12-02,2.4838709677419355,2.5010610731301934,2.3899488444035866,2.3850492928535556
2023-12-03,2.4204389574759944,2.445429463466976,2.3550397557284413,2.3533865951817416
2023-12-04,2.4616408597932566,2.381599997461891,2.3450930214174397,2.3350958387463807
2023-12-05,2.6237119345021083,2.5673618192063263,2.3392606479369573,2.3230904261645944
2023-12-06,2.6354839675625814,2.568227180650961,2.325501009903316,2.30575752016662
2023-12-07,2.6913089461484607,2.6481979388280514,2.3070941841653823,2.283408071005332
2023-12-08,2.7696679289270603,2.653373868967549,2.302340109696476,2.269905075049583
2023-12-09,2.407920809274652,2.3039085766712977,2.2591614269808544,2.219054818269752
2023-12-10,2.4018618051389082,2.341252390012015,2.2196068793300823,2.1803173113768066
2023-12-11,2.60492659631043,2.579567832289133,2.3869923683055845,2.3463282134121246
2023-12-12,2.3504780200572295,2.3031703022647783,2.3374805563454,2.2993363357867658
2023-12-13,2.3313954283090417,2.322373852590528,2.305709283185167,2.266130506471073
2023-12-14,2.386672425225396,2.386558442199797,2.473368901243794,2.4337717164327413
2023-12-15,2.4714685778570313,2.451337606135809,2.502917658880292,2.4609585959910936
2023-12-16,2.4342774915964114,2.3220141541548824,2.49937526772704,2.44816953035
2023-12-17,2.1622123292291877,2.0867484410865464,2.480930508566554,2.4225494573228263
2023-12-18,2.107587585437086,2.07626858773692,2.4556409889696846,2.4007400709139
2023-12-19,2.15431237135349,2.1363197743869904,2.4221124487447834,2.369951353426804
2023-12-20,2.5861270987899054,2.549234235721738,2.4185869581181634,2.3685947145032884
2023-12-21,2.5953184389782864,2.5006006359923227,2.4117304933202943,2.358052050015022
2023-12-22,2.1490120241183255,2.085287695703573,2.3673979286910987,2.3174744662104523
2023-12-23,2.120085847424935,2.117963912330269,2.3468382885589762,2.304192704471807
2023-12-24,2.112773106727817,2.1311314724054196,2.3261890958153266,2.2891840674999075
2023-12-25,2.1121666056697213,2.1293810991828965,2.2909919536267047,2.2570278722780337
2023-12-26,2.2120650665206796,2.209038453730896,2.2811053140883795,2.250304168811328
2023-12-27,2.23499820337765,2.227775222368916,2.2742197980218513,2.2435471237954983
2023-12-28,2.145881932733458,2.1475182969357585,2.2570204771295703,2.22647282770521
2023-12-29,2.3970110000907257,2.39729505458287,2.2517020787176913,2.2226126454514286
2023-12-30,2.3649848810452045,2.34530314590525,2.246752606535462,2.224276144862169
2023-12-31,2.519269197830431,2.5004659543191545,2.2722566685784082,2.253827395807355
2024-01-01,2.5194436514733405,2.470600143981017,2.3016749590095698,2.2819939355390764
2024-01-02,2.4755060675458687,2.4272514242954597,2.3246173658804534,2.3027747676753956
2024-01-03,2.43466277281446,2.3997314321827257,2.3137984854536358,2.2920959959940377
2024-01-04,2.3763503525883856,2.3626534842875735,2.2981579078543573,2.282242628015127
2024-01-05,2.1344500166201783,2.154728933748853,2.2971177644616323,2.287202716446933
2024-01-06,2.3491484935564055,2.326270471587782,2.313479382042452,2.3020817563938976
2024-01-07,2.4332705363807627,2.4047599776313793,2.336372055589091,2.321626649624324
2024-01-08,2.3671684725285265,2.3695312160249222,2.3545864746504344,2.338780229398754
2024-01-09,2.8381278825619582,2.685419145157698,2.399305247224811,2.3728074216435253
2024-01-10,2.521820090056539,2.3794417325369426,2.419792524844732,2.3836407437983844
2024-01-11,2.1617583448208952,2.060136428643139,2.420926554279549,2.3773991817774833
2024-01-12,2.5419484777517565,2.459751028864988,2.431279231255337,2.3818603227976345
2024-01-13,2.373806057309249,2.3003869319514503,2.431909315274197,2.3786520218009346
2024-01-14,2.370709572749857,2.3139560642004455,2.4212979134827273,2.3653298867924555
2024-01-15,2.446672090344511,2.4201897937837904,2.4160999448306684,2.3617291474926536
2024-01-16,2.3145567004073073,2.3011551086397097,2.404603561463628,2.352722267802957
2024-01-17,2.4520052302566766,2.4461495050716713,2.4058423084237863,2.3560378444378816
2024-01-18,2.5084193122304015,2.4877615621586266,2.4152758055410737,2.364974135714385
2024-01-19,2.352615306898135,2.391163604070718,2.4308590405609274,2.3818623264516616
2024-01-20,2.481218943550856,2.390745056928519,2.4402926441319592,2.3864676539759997
2024-01-21,2.660643793282353,2.5556534242968154,2.456533591053501,2.3972457573092454
2024-01-22,2.532709670578832,2.4536892473495158,2.4683579623428087,2.4032570452610025
2024-01-23,2.435608104998473,2.414377552636789,2.439606549659703,2.3838969315095087
2024-01-24,2.781999269450871,2.7256538990288988,2.4581907767592983,2.4086263719732197
2024-01-25,2.4322995148283684,2.3738291359241366,2.4775151460455462,2.4310329939218627
2024-01-26,2.3883038631898463,2.3282972168414013,2.466540530719695,2.4216434359201777
2024-01-27,2.4299941816561237,2.347136710616939,2.4705539681730437,2.4249827058248554
2024-01-28,2.426951246814998,2.3864431150517658,2.474571230606268,2.4301603523142354
2024-01-29,2.517489022729221,2.4261826706477323,2.4796295829194617,2.430588414947374
2024-01-30,2.709946350513021,2.6055516660722535,2.5078717007841553,2.4523310261925557
2024-01-31,1.0105654325479176,0.9816484219046183,2.40491171523353,2.347723805966338
2024-02-01,2.556882051282051,2.533340980223326,2.408373339451505,2.3509794786852445
2024-02-02,3.0809083023396746,3.059773237428516,2.4603942676973287,2.3987373096393734
2024-02-03,1.3475349483265675,1.346375522655131,2.3794168394670225,2.3241394857627027
2024-02-04,2.5587237977805177,2.537301309960081,2.3721368397883205,2.322828620452936
2024-02-05,2.5305510721697027,2.5553823345414597,2.371982654187668,2.3300924123952176
2024-02-06,2.444597249508841,2.5114475355501757,2.3726247359384085,2.337025982603317
2024-02-07,2.794878199968544,2.836019687656194,2.373544659546814,2.3449092532195523
2024-02-08,1.3940752004589942,1.4109149852034861,2.2993857799490014,2.27612967102522
2024-02-09,3.9696663954434497,4.078088538861993,2.4123402465385446,2.401114765455262
2024-02-10,2.339200792602378,2.367667805215017,2.405855004463277,2.4025812722122675
2024-02-11,2.4540776275621456,2.4525852549822518,2.407792603088073,2.4073057107787315
2024-02-12,2.297872340425532,2.2495877513279665,2.3921056972092383,2.3946917879701766
2024-02-13,2.623058485139022,2.5883074912993282,2.3858994211110955,2.3934600612006816
2024-02-14,2.5285217691211574,2.478247675367532,2.49432487372347,2.5003600078766044
2024-02-15,2.4678807318881817,2.3728501830193562,2.4879676366239076,2.4888963795048924
2024-02-16,2.590735930735931,2.5088116025263307,2.452955324366498,2.449541977011879
2024-02-17,2.526898326898327,2.470670750486449,2.5371955656930516,2.5298487789998303
2024-02-18,2.56104609929078,2.5947943733176624,2.537361444372356,2.533955426382515
2024-02-19,2.7357883251500272,2.7134808275323095,2.5520212481566653,2.5452481758818606
2024-02-20,2.5614374445430346,2.6013050181543407,2.5603669763733934,2.551666567496444
2024-02-21,2.549069502468667,2.5909193268963606,2.5428092122662593,2.5341593988707416
2024-02-22,2.5331946095917557,2.5893051212893803,2.6241748843471706,2.618330122876877
2024-02-23,2.5336313617606603,2.5458517151864424,2.5216009533698283,2.508884635471481
2024-02-24,2.4851056275519263,2.5727885389491663,2.532022727294796,2.523536116452491
2024-02-25,2.495611200861605,2.552475842626008,2.5349894111019005,2.5306711584270447
2024-02-26,2.428888888888889,2.38425416083913,2.5443477359921403,2.5402901876778428
2024-02-27,2.444477723698989,2.5343104494346123,2.531591967317852,2.5364332561160774
2024-02-28,2.470069354139575,2.5500145686935163,2.5274167948191675,2.5415594627822187
2024-02-29,2.428332935845457,2.5240283143485907,2.5245919522446876,2.552357900734307
2024-03-01,2.457316410416378,2.415934225393356,2.5150619865075763,2.545723802367666
2024-03-02,2.4582424193988595,2.5104885629962905,2.510157993114757,2.5485679318326544
2024-03-03,2.3794361803948183,2.4407289870829385,2.49718585605076,2.537563261387317
2024-03-04,2.319032652113842,2.4214319839240086,2.467417593691032,2.5167026297010104
2024-03-05,2.381839130027595,2.4287962367712512,2.4545891426542155,2.504380573887932
2024-03-06,2.518944899529302,2.5740107654600126,2.452437385301404,2.5031728194996217
2024-03-07,2.3504683501092187,2.4303625964443856,2.43938550962408,2.4918197820106935
2024-03-08,2.524781329362925,2.5336509551598057,2.4387533644528125,2.490948299151648
2024-03-09,2.540681427015729,2.594798517875387,2.442723064414513,2.492520440503521
2024-03-10,2.4444148774195718,2.5444688251246084,2.439066184168653,2.4919485106819925
2024-03-11,2.437747856398867,2.5648506325253035,2.439698967562223,2.504848258659576
2024-03-12,2.4622637709117026,2.462834840740399,2.4409693995059887,2.499742858038561
2024-03-13,2.389740019491555,2.4764360470877285,2.435231589888273,2.4944872493524337
2024-03-14,2.1051691212586894,2.164778205888533,2.412148460274932,2.468826527319572
2024-03-15,2.4506179474151915,2.5358339882157472,2.4116699986319903,2.4773907960925996
2024-03-16,2.4000804183472235,2.4981604078731863,2.407515569985445,2.476510213583807
2024-03-17,2.4500304344658166,2.569175970078193,2.412558016704802,2.485684998083468
2024-03-18,2.4339618064138637,2.574612625982471,2.4207672420119466,2.496626472516215
2024-03-19,2.392641456837332,2.4985973400168664,2.4215388367840704,2.501612265605188
2024-03-20,2.5440175578979667,2.5107337285373714,2.423329740953261,2.4970924772535703
2024-03-21,2.4157646177656855,2.5349436743312035,2.4279937600715797,2.504562554245486
2024-03-22,2.184374710331634,2.2972736243520773,2.403679001569345,2.487678459187791
2024-03-23,2.4559654864623623,2.608028200723151,2.39762786295839,2.4886234365340596
2024-03-24,2.445468004606021,2.5906572048181062,2.3977030863288507,2.491922606512167
2024-03-25,2.453658536585366,2.484537979188161,2.3988395634850295,2.486185988416657
2024-03-26,2.3723939611790077,2.3969537485248305,2.3924202913612653,2.4814801961155446
2024-03-27,2.2674114745726,2.396433322831863,2.3836825381527684,2.475765715811554
2024-03-28,2.5348622577341744,2.5404175687780657,2.4143749050438745,2.5025970988750923
2024-03-29,2.441538122452527,2.655354153910148,2.41372634611797,2.511134253567549
2024-03-30,2.4495954695110598,2.661554759419003,2.4172631354868157,2.522805278677965
2024-03-31,2.466029342858708,2.6864000563113746,2.418405914657736,2.5311784276946208
2024-04-01,2.505168359491484,2.701812006843978,2.4234920970204237,2.5402640977561575
2024-04-02,2.4964874859907797,2.6714612403001246,2.430909670531384,2.5526115192049614
2024-04-03,2.613622391984258,2.8478712210672485,2.4358814443946906,2.576692768671381
2024-04-04,2.655245205077771,2.897893857129746,2.452987200631268,2.6026177817284197
2024-04-05,2.7434937980376426,2.971011708296267,2.4929242783245544,2.650741930581576
2024-04-06,2.8184738458456176,3.098601813056404,2.5188177325662156,2.6857829028910944
2024-04-07,2.55356698664917,2.690917882355347,2.5265390884264405,2.6929443798580404
2024-04-08,2.6389807184009073,2.8819468500259036,2.5397763871275507,2.7213307277750216
2024-04-09,2.6236972222408266,2.8691916889404587,2.5577266200605377,2.755062009233281
2024-04-10,2.5949921198978605,2.8606708129240497,2.58112523758377,2.7882218299541512
2024-04-11,0.49259863473740456,0.5423248834879008,2.435249264512572,2.6455009238619964
2024-04-12,0.6690729053419204,0.7345471479511892,2.308644606147529,2.508300423436357
2024-04-13,2.599870408119178,2.8709224175572685,2.319378530333824,2.5232552561605184
2024-04-14,0.4861819743945937,0.5405385914576815,2.1779608611578154,2.3699794372423972
2024-04-15,2.51298391705863,2.821472393257494,2.1785191152697543,2.3785266077005063
2024-04-16,2.577798673383368,2.797104959304921,2.1843270572263678,2.387501159057991
2024-04-17,2.648229779380718,2.787590120735408,2.186799013468972,2.3831953661771457
2024-04-18,2.582532827822954,2.840441352036146,2.181605272236485,2.379091615813317
2024-04-19,2.5836999383477943,2.726242222932745,2.1701914251157817,2.3616080811444937
2024-04-20,2.8070585827278167,2.84953159318983,2.169376049178796,2.343817351154024
2024-04-21,2.6102951211249366,2.7885206596103633,2.173428058784208,2.3507889781008116
2024-04-22,2.672251160558699,2.758590592117586,2.1758045189383357,2.341977816821646
2024-04-23,2.6199740438647727,2.7187471178667586,2.1755385776257605,2.331231776030667
2024-04-24,2.615515812981308,2.7586067569483106,2.1770045557031494,2.3239414863181147
2024-04-25,2.5375237101294683,2.7301105423581653,2.323070632516868,2.4802118905231336
2024-04-26,0.46099913427074335,0.5087392814342042,2.3082082202974985,2.4640827572004915
2024-04-27,2.541053132504828,2.779397625427824,2.304006986325045,2.4575452720483884
2024-04-28,2.5880014363368655,2.749451672984873,2.4541369478923505,2.615324777871759
2024-04-29,2.510489931424366,2.7284965190805113,2.453958806061331,2.6086836440019745
2024-04-30,2.671869328493648,2.8411420566333323,2.4606781385692083,2.611829150954004
2024-05-01,2.7007974481658694,2.8558149509530115,2.4644329720538622,2.6167023531124043
2024-05-02,2.524692175294585,2.804381139744808,2.460301496873264,2.614126623663023
2024-05-03,2.5158534581895844,2.750216603858108,2.4554553197191065,2.6158390794434063
2024-05-04,2.735530546623794,2.7953602833722075,2.450346174283105,2.6119697001707185
2024-05-05,2.55706702057067,2.8083119146869064,2.446544167100657,2.6133833612476147
2024-05-06,2.548403575989783,2.874781063618749,2.4376979110600203,2.621682680640555
2024-05-07,2.526625670548214,2.861201286082583,2.4310301701088375,2.6318579783702565
2024-05-08,2.5263231981981984,2.8416125417615077,2.4246592690529014,2.6377869629997703
2024-05-09,2.631991051454139,2.7171391154492035,2.431406936290377,2.636860432506274
2024-05-10,2.681710213776722,2.7429983692675517,2.5900291562550906,2.7964503673515124
2024-05-11,2.6414615084017194,2.7890219792943585,2.5972011831048682,2.7971378211991222
2024-05-12,2.594019326194829,2.897143025008341,2.5976310323804372,2.8076872034865126
2024-05-13,2.496422033616242,2.711893865788827,2.5966261825370003,2.8065012996799643
2024-05-14,2.5981625441696115,2.8697585896239244,2.59136141222814,2.808545337750721
2024-05-15,2.5579276971249643,2.8519275621420044,2.581156430010932,2.808267667121363
2024-05-16,2.616770002952465,2.685948279611535,2.5877334177007816,2.799808177111843
2024-05-17,2.586475942782835,2.792786342807096,2.5927778808860134,2.8028488727510568
2024-05-18,2.5458778416872088,2.8658488172977927,2.5792312591048288,2.807883768031456
2024-05-19,2.6098111658456484,2.7906915851172647,2.5829986980530415,2.806625173062195
2024-05-20,2.6022371364653245,2.9075559526032513,2.5868439523727234,2.8089662365610883
2024-05-21,2.5595492797033232,2.876337226950428,2.589195638740945,2.810047375194506
2024-05-22,2.5835025777222307,2.862751788338931,2.593279880135519,2.811557321378608
2024-05-23,2.7898128260202517,2.924006446892316,2.604552864033099,2.82633355933883
2024-05-24,2.664617029808849,3.005996815677256,2.6033319223211073,2.845119162653809
2024-05-25,2.6605773253381675,3.035037213291877,2.604697337816568,2.8626916793679174
2024-05-26,2.7090807174887894,3.03106684372837,2.612916008623279,2.872257666419348
2024-05-27,2.6667596596456966,3.0180812996299307,2.6250829819110977,2.894128197407998
2024-05-28,2.763980152876492,3.118998170228945,2.6369270968187317,2.9119310245940713
2024-05-29,2.7575977897338957,3.0975422416198986,2.651189246290798,2.9294749302710636
2024-05-30,2.7483158178388574,3.132919734540005,2.6605853759255402,2.961401462765955
2024-05-31,2.739068934597575,3.1566234702820974,2.6714848753408793,2.9873898290141687
2024-06-01,2.6885869079626037,3.1326250940094553,2.681678380074836,3.0064452773507164
2024-06-02,2.6627434936351753,3.1246321514679334,2.6854592606312306,3.0302981749471924
2024-06-03,2.6481945869540224,3.1098146661497172,2.6887419356661377,3.0447452259147973
2024-06-04,2.5437681872437015,2.9712938922083283,2.687614714776165,3.0515278448617904
2024-06-05,2.2174706119239844,2.592766389720467,2.6614695743620045,3.0322431735318998
2024-06-06,2.487300651405431,2.8069308363469476,2.6398615618895174,3.023880629921517
2024-06-07,2.5419221770146065,2.9198390779189887,2.6310976438327853,3.017726505795926
2024-06-08,2.5580872809635262,3.005561177589557,2.6237769263774537,3.0156210746743315
2024-06-09,2.541056682521185,2.9851512610921014,2.611775209594054,3.012341390200312
2024-06-10,2.535088546187759,2.9840601312485067,2.602370130061344,3.0099113067444963
2024-06-11,2.5054500818583536,2.9129905006723686,2.5839036964171913,2.9951964732047407
2024-06-12,2.435232970885021,2.864303554846325,2.560877637927986,2.9785365670066284
2024-06-13,2.3698763996998276,2.7406555494535834,2.5338462509180553,2.9505176966433124
2024-06-14,2.364959203121107,2.677901412151768,2.507124127241165,2.916323263919718
2024-06-15,2.527157012448524,2.964098473558939,2.495593420418731,2.9042856481732526
2024-06-16,1.6127400796413736,1.899543903059796,2.42059317656203,2.816779344715528
2024-06-17,2.5643557645803106,3.0373604229351896,2.414604689249622,2.811604041628776
2024-06-18,2.553608490616217,3.0311152280702665,2.4153075680619445,2.815876994190343
2024-06-19,2.566548338281895,3.0407400257840718,2.4402416913732243,2.8478751110520295
2024-06-20,2.556005760248739,3.0402300014239763,2.445149199147746,2.8645393371289596
2024-06-21,2.5526461634024735,3.027737619581776,2.445915198175451,2.872246375819159
2024-06-22,2.5885878757150027,3.0465440617251938,2.4480938120862703,2.87517372468599
2024-06-23,2.585894734053474,3.044960607666847,2.4512965300528626,2.8794458208699005
2024-06-24,2.592182439190839,3.048766504916788,2.4553746652673683,2.884067704703349
2024-06-25,2.5697865728896,3.021292265689583,2.4599701289124574,2.891803545061722
2024-06-26,2.583905540290567,3.043322492072636,2.470589598155711,2.904590612006458
2024-06-27,2.6040578901339724,3.055217759388879,2.4873168474724356,2.9270593412875505
2024-06-28,2.6169439314908356,3.0661066825332295,2.5053157566417013,2.954788289171941
2024-06-29,2.5891256437024386,3.044528984947607,2.5097420874455523,2.9605333256997026
2024-06-30,2.5658471125411286,3.024327247393826,2.577821161224107,3.0408749931521335
2024-07-01,2.7334569790476975,3.2485951759872695,2.5898998194003484,3.0559631897987107
2024-07-02,2.5533698066033113,3.003863245220509,2.5898827705422844,3.0540166195951564
2024-07-03,2.5610795454545454,3.0090253068874815,2.5894921424831874,3.0517512825311144
2024-07-04,2.6186654437055723,2.873601654120182,2.5939678341586756,3.039849257723701
2024-07-05,2.5455362118194675,2.942382726036876,2.593459980474175,3.0337524796133506
2024-07-06,2.585098153667068,3.064851110429602,2.5932107146136083,3.0350601259493795
2024-07-07,2.5662860413633286,3.0328560325317073,2.5918100937071693,3.034195513439727
2024-07-08,2.5628768885364566,3.0393388421216585,2.5897168400889994,3.0335221089543607
2024-07-09,2.567483489850175,3.055771789429052,2.5895523341576117,3.0359849320786085
2024-07-10,2.5242718446601944,2.9970736349688547,2.585292784469728,3.0326814422854804
2024-07-11,2.5835866261398177,2.9250673700145535,2.583830551327288,3.023384985901601
2024-07-12,2.454787821865998,2.875411210608898,2.5722479720683715,3.0097638807641482
2024-07-13,2.483923636797219,2.945399285694666,2.564733543003713,3.002683187960367
2024-07-14,2.535308715840864,3.013227278082245,2.562552228953694,3.00189033300954
2024-07-15,2.6101116008445016,3.1040206123262744,2.5537418447963227,2.991563578462326
2024-07-16,2.5711099222293847,3.0340194322792677,2.5550089959124707,2.9937175918236654
2024-07-17,2.4937131147134037,2.962403084118664,2.5501971080023895,2.9903874330544644
2024-07-18,2.508463515111963,2.9905895384317813,2.5423255416742743,2.9987437105052925
2024-07-19,2.2909257794711064,2.7164325908514586,2.5241390822208203,2.982604415134906
2024-07-20,2.5206964553752202,2.9655321466559927,2.5195389609142596,2.975510203436791
2024-07-21,2.5484619878732886,3.011169971198595,2.5182658142363996,2.973961199055854
2024-07-22,2.4759858853789747,2.940991214272945,2.512059314010865,2.966936368495232
2024-07-23,2.5213408285233427,2.9544568108522564,2.508763409630377,2.959699584311175
2024-07-24,2.866449108113781,3.352554492939705,2.533204642734205,2.985091074166236
2024-07-25,2.362966489203993,2.717950501533408,2.517446061524503,2.9702970121318684
2024-07-26,2.6657013156037204,3.108333889610265,2.5325113110771973,2.986934346346252
2024-07-27,2.7371475452020415,3.189852200136023,2.550598733106113,3.004395268806349
2024-07-28,2.7377894818317308,3.216893493111413,2.565061644962604,3.0189428555941467
2024-07-29,2.5775264337990307,3.041846381383891,2.5627341330307845,3.014501839098262
2024-07-30,2.6362015523790863,3.0839403854203304,2.567383535184334,3.0180676214654807
2024-07-31,2.6277142679244445,3.081201303281286,2.5769550461279804,3.026553208548525
2024-08-01,2.7743511625903046,3.251265398246436,2.595947020947862,3.0451729128210006
2024-08-02,2.8353401786117383,3.334975428050827,2.634833763743621,3.0893545440495265
2024-08-03,2.8736462627959396,3.3880895440530203,2.6600444642736725,3.119537215292172
2024-08-04,2.7568467241641597,3.2094058835922907,2.674929088294449,3.1336969233202927
2024-08-05,2.7424167081051887,3.122504365099049,2.693959861346322,3.1466621483792996
2024-08-06,2.5843730571522063,3.0001716966130236,2.6984621633912407,3.1499274973622113
2024-08-07,2.609239219487046,3.036719302892464,2.6800900284893308,3.127367840930266
2024-08-08,2.671789695966538,3.121514975113036,2.7021488289723696,3.156193874757382
2024-08-09,2.6615836673310618,3.109849336583919,2.701854711238609,3.1563021209697864
2024-08-10,2.599541454664604,3.0136300807031158,2.6920257047716487,3.1437148267245787
2024-08-11,2.5816039831618878,3.0111467303684476,2.6808695977238024,3.129018629385795
2024-08-12,2.588417302703031,3.02113254338562,2.6816475169312315,3.127539069528776
2024-08-13,2.631198810658085,3.0813393135149445,2.6812901782368743,3.1273532786783917
2024-08-14,2.5728313150325772,3.0149146948353764,2.677369967316026,3.1226185209322552
2024-08-15,2.630014442942438,3.0706048123326775,2.6670602016268927,3.1097141933669867
2024-08-16,2.5932976475192366,3.0075993082504526,2.649771449406,3.0863301848098166
2024-08-17,2.60122223832361,3.0169123819233716,2.630312590515119,3.059817530371985
2024-08-18,2.7245848875362872,3.1572162581273115,2.628008173613128,3.0560896999816296
2024-08-19,2.7084234425264113,3.1189579006577244,2.6255800832146443,3.055836381092963
2024-08-20,2.9405643890166497,3.394120744043134,2.6510223212049615,3.0839755987665427
2024-08-21,2.183085100742327,2.47657189851664,2.620582741294625,3.0439650698825553
2024-08-22,2.4693846341413566,2.8422972962020507,2.6061252368785404,3.024020949960342
2024-08-23,2.6175697999254357,3.0280338204914967,2.6029813892067097,3.018176984525169
2024-08-24,2.389156663246744,2.745807940509569,2.587953904105434,2.9990468316542014
2024-08-25,2.716334283057521,3.1108173560175856,2.597577496955122,3.006166162057711
2024-08-26,2.8966986497109817,3.2975312648326556,2.6195975931699755,3.0259089278753564
2024-08-27,2.305053665964377,2.6028341617862334,2.596301511406139,2.9917299884661626
2024-08-28,2.5681238221044613,2.8985456466129746,2.595965261911274,2.983417913593134
2024-08-29,2.5360699503258988,2.8498807049365302,2.589254941010093,2.9676519059219806
2024-08-30,2.578618034186469,2.892234634692118,2.5882063972006093,2.9594115720963856
2024-08-31,2.3479340121232113,2.6074839112991,2.5701143810434384,2.9301666813375085
2024-09-01,2.61531860115815,2.8720489638327944,2.562309646302143,2.9097975888879004
2024-09-02,2.6602636183854504,2.947793210509283,2.558869658863503,2.8975715395915835
2024-09-03,2.5745888516955318,2.888920392948565,2.5327285490548515,2.8614858002276855
2024-09-04,2.1821856735933176,2.446193959615387,2.532664304258493,2.859315947449025
2024-09-05,2.6782030929515273,3.0293673569716852,2.5475799084592197,2.8726780946468553
2024-09-06,2.5150932796099803,2.8395169665261086,2.540260157008116,2.859212605077899
2024-09-07,2.424653767710483,2.725484196142589,2.5427956644698115,2.8577609090516867
2024-09-08,2.651686293458364,2.974993737927652,2.5381779509270146,2.8480592220452623
2024-09-09,4.641883807604846,5.236322296424905,2.6628340336337186,2.986544295730423
2024-09-10,2.5959780621577075,2.806586348195511,2.6836143476475285,3.0010980233310858
2024-09-11,2.5733376792695792,2.801455216651208,2.683986766016466,2.9941629926195312
2024-09-12,2.621175196317357,2.851016741493825,2.6900657121587126,2.9942441380879097
2024-09-13,2.8484904042095045,3.182157519796183,2.7093423100175005,3.0149529155953423
2024-09-14,2.454942452718652,2.6933567048873384,2.716985770060032,3.021086686565931
2024-09-15,4.0116372439877335,4.431690657424501,2.816722815976431,3.1324896646796243
2024-09-16,1.303394696471763,1.4045114760683528,2.7198036072683105,3.022255255076701
2024-09-17,2.5342465753424657,2.7769780306036287,2.7169220161002343,3.014259372052063
2024-09-18,2.16265888593455,2.319298768077185,2.7155272455531794,3.0051954297993335
2024-09-19,2.4805499074296042,2.7203303051301613,2.701409160873042,2.9831213546677966
2024-09-20,2.9965074309669975,3.256687964035412,2.735795885969972,3.0129192830613185
2024-09-21,2.2269525359161784,2.3720752339075464,2.7216743694132357,2.9876757857588148
2024-09-22,2.738035734327515,2.990724202973111,2.7278421866181755,2.9887993904049197
2024-09-23,2.6083517874090476,2.844529517592888,2.582589899461332,2.817957049059775
2024-09-24,2.5527789745799225,2.7186014882968648,2.5795042503486334,2.811672416209872
2024-09-25,2.6821303474462725,2.9437373748782596,2.5872751552183972,2.8218354275118043
2024-09-26,2.3881851828741634,2.6306490957434114,2.5706330114010263,2.806094881386774
2024-09-27,2.883222713019469,3.182981669552532,2.5731138906017383,2.806153749226514
2024-09-28,2.4704648850512947,2.682983292995937,2.5742226357683555,2.8054127912342706
2024-09-29,2.121614938988855,2.317976261593209,2.4392210425541494,2.6544331915320356
2024-09-30,2.6475131294405525,2.828333813247356,2.53522950205192,2.7561347870448216
2024-10-01,2.7082226628876485,2.903612170085522,2.547656365448005,2.7651800827220994
2024-10-02,2.590427038630123,2.793989393247229,2.578211233497689,2.799086555948531
2024-10-03,2.5911376492771843,2.8006621893153376,2.586110357915373,2.804824547676044
2024-10-04,2.5517005640061527,2.7651242293624123,2.554338438846741,2.7697128523422583
2024-10-05,2.510679791382811,2.6929667078362467,2.5746046713800723,2.792633671908594
2024-10-06,2.5625952536468537,2.7322527825194074,2.5620732084743105,2.774171427590472
2024-10-07,2.563966825480854,2.7353356008757177,2.5589028540508685,2.7663718621106743
2024-10-08,2.5675902602854745,2.772942230234375,2.559960803029836,2.770253343677639
2024-10-09,2.76596602740625,2.9693796699731747,2.56594906588412,2.7720849361844193
2024-10-10,2.5752177355499084,2.7531703340330145,2.579308533932388,2.7808364532051053
2024-10-11,2.656739031130771,2.836903692374227,2.5631311280831954,2.756116597692369
2024-10-12,2.5400238948626046,2.6698405825068954,2.568099628784003,2.755177832657438
2024-10-13,2.6087816455696204,2.743802148613841,2.60289725068263,2.7855939674446257
2024-10-14,2.5759668508287294,2.7169777110117264,2.5977868022103565,2.77763996014208
2024-10-15,1.557256070264032,1.6516877927742595,2.515574902737241,2.6882167903341334
2024-10-16,2.5845976910132302,2.7482370275616903,2.515158520764605,2.6849487642137375
2024-10-17,2.3958965813759368,2.499907444045151,2.5012127302002307,2.663466282408724
2024-10-18,2.4649166253921084,2.566627946892763,2.4950138774420845,2.649287976518035
2024-10-19,2.33337918677507,2.4373704872377244,2.4823495485415314,2.6310311036181404
2024-10-20,2.429968506547323,2.545193943483077,2.4728762094629935,2.6176697579726884
2024-10-21,2.438434919608429,2.5541437508234686,2.46390964475782,2.6047274829689564
2024-10-22,2.4293769302691417,2.5444237109710386,2.4540372640423684,2.588404731593004
2024-10-23,2.4594634799424804,2.580537741050311,2.432144224937813,2.560630308098513
2024-10-24,2.4172466474282803,2.527228746701804,2.4208605757862682,2.544491623289141
2024-10-25,2.2019867549668874,2.2937777678569176,2.3883782703459913,2.505696914395048
2024-10-26,2.4958878268596,2.609972298826389,2.385225694060062,2.501420608417868
2024-10-27,2.2894364968765513,2.3944101828894246,2.3624153262962713,2.4764640394375528
2024-10-28,2.5690414221125812,2.681559374121623,2.3619206528165466,2.4739341582311174
2024-10-29,2.6282874965640506,2.739997925528994,2.438422897552262,2.551670596285027
2024-10-30,2.394659991656237,2.4734958437981507,2.4248559190267622,2.532046226016203
2024-10-31,2.195964370114525,2.2693955078768715,2.410575046793805,2.5155810877184686
2024-11-01,2.3546442488704633,2.4364108308352828,2.40269844847083,2.506279865142934
2024-11-02,2.3322724865326534,2.4069651274985473,2.4026193984535142,2.5041080537329927
2024-11-03,2.330794868898775,2.352779881321057,2.395535567192904,2.490364192149992
2024-11-04,2.3606204943571205,2.4206881045873803,2.3899773939606677,2.480831645990271
2024-11-05,2.355660530896969,2.405705853398184,2.3847119368626553,2.47092322759221
2024-11-06,2.355578027316544,2.411481956578897,2.377291547389374,2.4588478144156802
2024-11-07,2.339151816781985,2.3993629553794893,2.371713345200353,2.4497145436069436
2024-11-08,2.3261861421715797,2.3866874253375183,2.380584730000688,2.456350947712701
2024-11-09,2.320197567875796,2.373086497199581,2.3680354257875593,2.439430533310786
2024-11-10,2.504601636279018,2.495941369710853,2.383404364316307,2.4466827609408877
2024-11-11,2.413161742429232,2.4226594507373806,2.372270101481782,2.4281899092705848
2024-11-12,2.0378578754622505,2.0441090163478695,2.330096557117368,2.37848355861479
2024-11-13,2.454765162343347,2.410347603114393,2.3343897835950185,2.373972969994522
2024-11-14,2.357385031970328,2.320440477308431,2.3459198308704328,2.377619039239633
2024-11-15,2.4942245102997367,2.473524460132798,2.3558898495439524,2.3802700127608842
2024-11-16,2.3402206916926236,2.262537298434273,2.3564575784839503,2.3699537392562933
2024-11-17,2.560247801718267,2.4851942870629533,2.3728470736853424,2.379411911095
2024-11-18,2.4564453973682174,2.440408860642719,2.3796917096147068,2.380820536527524
2024-11-19,2.2793115244911815,2.2989960797269475,2.374238209157151,2.373198409836722
2024-11-20,2.630788458235751,2.6153548677552094,2.3938960970799514,2.3877607606350297
2024-11-21,2.534272703748856,2.5149852556257,2.4078333032918704,2.3960194963669017
2024-11-22,2.4535214445612223,2.493181732978579,2.4169286820339875,2.4036262326269777
2024-11-23,2.6980818840320357,2.6216607463651527,2.4439204189022905,2.421381536138804
2024-11-24,2.459374607559965,2.432103131137627,2.4406899168509293,2.416821661955002
2024-11-25,2.557040105732742,2.528925435774847,2.4509669428011804,2.4244120894576784
2024-11-26,2.4925348857731042,2.4566284461459205,2.4834438721090986,2.453877763014682
2024-11-27,2.393434523646145,2.369212533796713,2.479063112202155,2.450939543777705
2024-11-28,2.3889600363854084,2.3827149652813535,2.481318469660376,2.4553877214900566
2024-11-29,2.36322447925776,2.364288162650936,2.4719613245859486,2.4475851288127806
2024-11-30,2.6642593277577835,2.5989015558496695,2.495106941447746,2.471611147199595
2024-12-01,2.3920843753397847,2.318308786528004,2.483095268134997,2.459690754304241
2024-12-02,2.6447622761060003,2.60294688341499,2.4965464737591243,2.4713006130736894
2024-12-03,2.7135330319067896,2.634946440502764,2.527562295717382,2.495297067414819
2024-12-04,2.27223978910515,2.235313229511567,2.5019516764937673,2.468151236111702
2024-12-05,2.2366920501784207,2.216206224743265,2.480695915524451,2.446809876762956
2024-12-06,2.469819210379888,2.432488368828725,2.4818600416543553,2.4424746364665384
2024-12-07,2.3923278116826503,2.3795756410350966,2.4600204650579713,2.4251828432286766
2024-12-08,2.209026177304286,2.199653704911313,2.442138434325422,2.40857931278394
2024-12-09,2.477269732507577,2.4382468614109354,2.4364405505236246,2.4021022717579465
2024-12-10,2.328306143664659,2.31295451043356,2.4247099260873073,2.3918398477784923
2024-12-11,2.2657765793021802,2.2534129708341295,2.41559150149131,2.383568450424022
2024-12-12,2.3084612819902595,2.2816284989983155,2.4098415904630848,2.3763479885466623
2024-12-13,2.4145476495887723,2.343614376522604,2.4135075312010144,2.3748712895374955
2024-12-14,2.1912985235379687,2.160325420407619,2.379724616613885,2.3435444227202065
2024-12-15,2.610948929051727,2.5332588925585156,2.395357799021881,2.358898001722386
2024-12-16,2.209013666490599,2.1763922669000997,2.3642328983350667,2.328429814828465
2024-12-17,2.159304676032322,2.1481412780924516,2.324645158629747,2.293658017513443
2024-12-18,1.9825725477656089,1.9833780885121828,2.303954641391208,2.275662650299201
2024-12-19,2.1418360671625516,2.137741179397142,2.297179214032932,2.270058004203049
2024-12-20,2.0391353324686574,2.0082096362304718,2.2664160798964157,2.239752380446031
2024-12-21,2.2730488832047815,2.260233360053279,2.2578961564337106,2.2312279318044728
2024-12-22,2.1424498452591525,2.1017084459621396,2.2531407041447724,2.224231841879532
2024-12-23,2.448542956616784,2.4062450536566593,2.2510887915811444,2.221945998468512
2024-12-24,2.4967656620725456,2.4121088088744167,2.263121614324565,2.2290284483571448
2024-12-25,2.614484723418935,2.535093260591436,2.2880293389043334,2.249148469054095
2024-12-26,2.657062281268046,2.5728198512732563,2.312929410281318,2.269947851359448
2024-12-27,2.603353283919299,2.4876389445119296,2.3264155270192126,2.280235320501543
2024-12-28,2.5715965469548996,2.425077292435335,2.353579671548993,2.2991461685035226
2024-12-29,2.633277083801959,2.5192026039722735,2.3551745397454384,2.298142147890219
2024-12-30,2.3051119584850484,2.2224351708448165,2.3620387034593278,2.3014309267434134
2024-12-31,2.132718848822102,2.0959488110168296,2.360139715801455,2.297702893380869
2025-01-01,2.1707383824395627,2.1355999767799507,2.3735801325638803,2.3085758853999954
2025-01-02,2.2426603802729272,2.198362236232511,2.3807818692146214,2.3129059608882363
2025-01-03,2.2499530198088347,2.2226085675801395,2.3958402754532058,2.328220170270355
2025-01-04,2.4938602751936756,2.42216127378796,2.411612517738127,2.3397864498228325
2025-01-05,2.357714447028181,2.3108463901128755,2.4269885607216284,2.354724874405028
2025-01-06,2.2903689087690284,2.258990936383768,2.415690414446789,2.34420672317125
2025-01-07,2.310569418562056,2.261553889474905,2.4023906827674684,2.3334528003569988
2025-01-08,2.215867623055348,2.190063767049197,2.3739180327414977,2.3088078365325537
2025-01-09,2.0905444170163916,2.086538480481625,2.333452471009237,2.2740734529045796
2025-01-10,2.11721624471371,2.0988528130133526,2.298728396780266,2.2463030149403957
2025-01-11,2.249147384647333,2.188201638207511,2.275696313758297,2.229383325352694
2025-01-12,2.3416581698692815,2.2310289949713935,2.2548663913345344,2.208799496138345
2025-01-13,2.410607971098625,2.2862947430900444,2.2624018208069328,2.2133608941558616
2025-01-14,2.4526737189467105,2.3405664379834006,2.285255740101548,2.230833581796331
2025-01-15,2.400309717382888,2.2868714823357483,2.3016536925974997,2.241638689336031
2025-01-16,2.282626310570818,2.225946524114544,2.3045084019044917,2.243608995613319
2025-01-17,2.126515678337071,2.0900405518807177,2.2956914489422227,2.234139851634789
2025-01-18,2.093703438000104,2.057641449723663,2.2671088177141105,2.208102721344482
2025-01-19,2.079152197029005,2.0534679123579194,2.2472115141427405,2.189718544361985
2025-01-20,2.089942718432477,2.0537401991408504,2.2328953576901296,2.175057777416062
2025-01-21,2.079474600978917,2.033236266728185,2.21638858500562,2.1587493757912966
2025-01-22,2.104969115832019,2.073463379741272,2.208467263061096,2.1504207766978736
2025-01-23,2.1192193108768884,2.1079298097137187,2.2105154697654177,2.15194872878588
2025-01-24,2.017218157487158,2.0140819591365173,2.2033727492492354,2.1458936677946774
2025-01-25,2.1515539391334246,2.1100304089415465,2.196401788855385,2.140310008561394
2025-01-26,2.0891150148407758,2.0799318988477897,2.178362992067634,2.12951735883828
2025-01-27,2.184380881929262,2.1638770201441155,2.162203914269823,2.1207732357707134
2025-01-28,2.070972625656306,2.0655137525134,2.1349395504633653,2.1011266153799992
2025-01-29,2.017344253379723,2.0182875925909682,2.1075848744631394,2.0819420518268004
2025-01-30,2.180032228629333,2.133555173865314,2.100256725753033,2.0753426696661412
2025-01-31,2.036180904522613,2.042051270140081,2.0938042419091434,2.071914863827524
2025-02-01,2.083008174986279,2.0958729048604257,2.093040294551013,2.0746456820515786
2025-02-02,2.0680152575704183,2.0538636024889563,2.0922447988753996,2.074673945632367
2025-02-03,2.1139395148875777,2.0830827664702958,2.0939588557650497,2.0767698432987562
2025-02-04,2.2007871283693468,2.139605878342778,2.1026240362929376,2.0843676726997984
2025-02-05,2.192088268599144,2.141982173723461,2.1088468329191605,2.089261872269955
2025-02-06,2.1516929515587906,2.122975178828555,2.111166378682154,2.090336541492443
2025-02-07,2.176574792189111,2.112497996829953,2.122548995446579,2.097366258470546
2025-02-08,2.225566143764287,2.12827493705576,2.1278355814916408,2.0986694390501324
2025-02-09,2.268059878847371,2.1618532100763046,2.1406173574921117,2.1045209612807407
2025-02-10,2.1662391018809717,2.0896905796450924,2.139321516060091,2.0992219298165247
2025-02-11,2.172739396955417,2.131420478835394,2.1465905711528843,2.1039295531252384
2025-02-12,2.114900912975744,2.0774652063597667,2.1535589039811716,2.1081565255372956
2025-02-13,2.165428852653098,2.1607392606878832,2.152515805697155,2.1100982460246223
2025-02-14,2.185243207519694,2.129720830844771,2.163163113054089,2.1163603575035284
2025-02-15,2.2436783869771597,2.1881080773967603,2.1746395567677235,2.1229485841132667
2025-02-16,2.0822439264666692,2.0869842067404165,2.175655890260313,2.1253143415597995
2025-02-17,2.2641163809552887,2.156315433927521,2.1863828092651496,2.1305452463781727
2025-02-18,2.0617895937456012,2.022865654955973,2.176454413934882,2.122206658993401
2025-02-19,2.0750379215770245,2.036869324351446,2.1680936748618733,2.1146985983239714
2025-02-20,2.111338770714914,2.046636903312809,2.1652112333730247,2.1092458643585608
2025-02-21,2.1313677407484546,2.076689585569567,2.161982158270121,2.1066881206971044
2025-02-22,2.1045913415933697,2.067381807027091,2.1533411009721983,2.1023386114093428
2025-02-23,2.103429083380237,2.093163425007715,2.1415817584388317,2.0974321981901576
2025-02-24,2.048855850934547,2.0373937073881434,2.133197240514087,2.093696707314661
2025-02-25,2.392129604043861,2.293581571364729,2.148867969591833,2.105279642495328
2025-02-26,2.0503459576732688,2.0700970555696125,2.144256901355942,2.104753346010317
2025-02-27,2.0232107776002457,2.0223606488087595,2.1340984674235957,2.0948691594475224
2025-02-28,1.9617047650831638,1.9505505620125303,2.118131435820986,2.0820712831023624
2025-03-01,2.069874315639936,2.112594385065648,2.1057168592968987,2.0766774479358543
2025-03-02,2.0375237974727227,2.026531342618123,2.1025225643687597,2.0723593862128333
2025-03-03,2.0891287787905597,2.072148065019616,2.0900234499284216,2.0663474312908403
2025-03-04,1.9924999855997758,2.0219925370586687,2.0850741922037197,2.066285065726747
2025-03-05,1.9484112163390837,1.9951077524026897,2.076029427543867,2.0633020963018356
2025-03-06,2.0874619406109116,2.15258353455878,2.0743239396792954,2.070869712819405
2025-03-07,2.070540429177674,2.14411969333302,2.069979131709954,2.0756861490882232
2025-03-08,2.0851484628022146,2.1539675000574348,2.068590354653443,2.0818708414475333
2025-03-09,2.08161396739224,2.1534517726194675,2.0670321320828715,2.0861771519912304
2025-03-10,2.073191552767256,2.1656258793631746,2.068770396499494,2.0953365928465897
2025-03-11,2.0659178107520915,2.1693696247314738,2.04546955412151,2.0864643109442143
2025-03-12,2.074068404060175,2.1347096114329966,2.047164014577718,2.0910794935058843
2025-03-13,2.169674265920296,2.2397048196243645,2.0576256923148644,2.1066040771355707
2025-03-14,2.2281266825126793,2.362922814242451,2.0766558292741153,2.1360592380091363
2025-03-15,2.307341909227181,2.4628220455888945,2.093617800244633,2.1610754994750825
2025-03-16,0.6918951926834105,0.7198061250614982,1.9975014713311108,2.0677379839353236
2025-03-17,2.4823046847046117,2.575721961531613,2.025585464610686,2.1037075479718945
2025-03-18,2.579541268858565,2.532444397963726,2.0675169848434565,2.1401683951793986
2025-03-19,1.3409331830519986,1.334488092099276,2.0241256967515215,2.092981276586298
2025-03-20,2.7050325043961223,2.7444168878744346,2.0682378798790366,2.135255087537416
2025-03-21,2.890031154900946,3.0099172565968653,2.1267729317164132,2.1970977706276904
2025-03-22,2.9873906353819093,3.1404361949251114,2.1912188011863916,2.2675598202610963
2025-03-23,2.963504161994811,3.105214846492955,2.254210957943718,2.335542896966345
2025-03-24,3.20026594388786,3.1558765675425198,2.33471627159519,2.406275088979156
2025-03-25,3.113801427529054,3.1597813478708763,2.409565101364973,2.4770187834891133
2025-03-26,2.607766378177457,2.678415587841692,2.447686385230493,2.515854924661163
2025-03-27,2.429467663884914,2.594680715065837,2.46624305651368,2.541210345764125
2025-03-28,3.051479621961999,3.0491295688703244,2.52505398076006,2.5902251139518304
2025-03-29,2.4411766406643034,2.5152468616696955,2.53461360443414,2.5939697436718876
2025-03-30,2.4460207291898546,2.5339333014985703,2.6599082856131715,2.7235502562745353
2025-03-31,2.478326649215917,2.595265387651393,2.6596241402211223,2.724946215283091
2025-04-01,2.580173018627947,2.5458555488131616,2.659669265204649,2.7259041546294793
2025-04-02,2.6247369201782575,2.6441842064268903,2.751369532142239,2.8194538770814517
2025-04-03,2.54438856014243,2.612111775391594,2.739894964695547,2.810003511904106
2025-04-04,2.536391118772293,2.690621910940708,2.714634962114929,2.7871967015000947
2025-04-05,2.511069290201011,2.6265296169858643,2.680612008887722,2.750489088790149
2025-04-06,2.481836689601643,2.6181901220616495,2.6462071894310673,2.7157016084736267
2025-04-07,2.6997160233623974,2.6095464091279914,2.6104536236792484,2.676678025729732
2025-04-08,2.512947583053443,2.555558594370346,2.56753549193099,2.6335192576225515
2025-04-09,2.551176286562988,2.654512158981029,2.563493342529957,2.6318118698467896
2025-04-10,2.557787939798356,2.692800171918021,2.5726590765237742,2.6388204024790887
2025-04-11,2.564112310748164,2.7167736220127314,2.5378471257227857,2.6150806919892604
2025-04-12,2.6733347310903146,2.6440682011884107,2.554429846467501,2.6242822162405974
2025-04-13,2.5564100179100686,2.7348922177725727,2.562314795661802,2.638636424545883
2025-04-14,2.521527446432237,2.61830079853492,2.5654005668915394,2.6402818110375637
2025-04-15,2.5605648865412625,2.6899232979391563,2.563999986028205,2.650572364546563
2025-04-16,2.4925846845516966,2.713012883561165,2.5545605406263077,2.6554886986275825
2025-04-17,2.4946278475100674,2.692629366271017,2.55100620400971,2.6612399551189703
2025-04-18,0.8372888000366999,0.9174444394181638,2.4296417526714538,2.534584421438788
2025-04-19,2.336796465664999,2.535969674777467,2.417193693776024,2.5281158541381887
2025-04-20,2.485485735689445,2.7085740517437547,2.4174543399251527,2.534571849115482
2025-04-21,2.4489553243768265,2.6963502330456346,2.3995428614261836,2.540772122252456
2025-04-22,2.445349996125055,2.6552379846018384,2.3947144623598695,2.5478920786975627
2025-04-23,2.517851493057334,2.7590126188087654,2.392334119966609,2.555356397256687
2025-04-24,2.572833853236044,2.7459359385951188,2.393408828069301,2.559151809162194
2025-04-25,2.5008256802177886,2.7108306223729315,2.3888883544599886,2.5587273091879226
2025-04-26,2.4612882168501926,2.6509497245409865,2.3737421748714085,2.5592188465702495
2025-04-27,2.1466926792546257,2.3005426684034105,2.344476650681734,2.5281938787581666
2025-04-28,1.090088083911549,1.1497291455860237,2.2422309819302564,2.4232959035475305
2025-04-29,2.2168780622868973,2.3409245052839536,2.2176819230549443,2.3983674183578736
2025-04-30,2.1557351569785514,2.3127923050103685,2.1936212425140056,2.369780234175674
2025-05-01,1.469511368821246,1.4772865123968044,2.1203986368933756,2.2829700303275158
2025-05-02,2.3346468752441263,2.5488770726085637,2.227352785122477,2.399500932698259
2025-05-03,2.510638936120054,2.793333284667096,2.2397701044406952,2.417884047690375
2025-05-04,2.4514170604181316,2.7436147458909423,2.2373366276356017,2.420386954415174
2025-05-05,2.439039510475799,2.6102322739080464,2.2366283552141,2.414235671619632
2025-05-06,0.671948931881177,0.7514133165446034,2.109956850625251,2.2782481953298297
2025-05-07,2.470168336330823,2.75957567302559,2.1065509108590716,2.2782884134881742
2025-05-08,2.4738201989071205,2.782940537076387,2.0994785069784347,2.280931599093979
2025-05-09,2.4861516545738724,2.6788409641727524,2.0984303622895832,2.2786466235082523
2025-05-10,2.5013446968262993,2.7166840749682826,2.1012915394307337,2.283341934253059
2025-05-11,2.5220179667240887,2.806852049900386,2.1281004885356958,2.3195068900742717
2025-05-12,2.6218497443920716,2.7668533216315914,2.2375120357128755,2.435015759791812
2025-05-13,2.514185052187391,2.7886997136796015,2.2587482492771964,2.4669997032486437
2025-05-14,2.549343474210364,2.8282836896325887,2.2868631290794688,2.5038205164359453
2025-05-15,2.777421226095114,3.119058347371942,2.3802852617418884,2.621089933219884
2025-05-16,2.5375391427657767,2.7467539552535714,2.394777566564863,2.635223996265956
2025-05-17,1.6060751240786804,1.7059033438743525,2.330165865704765,2.5575504290664743
2025-05-18,1.4006630743686397,1.5722887965470154,2.2551120095583728,2.4738842898276223
2025-05-19,1.3827354487581698,1.5583002051058545,2.1796617194356847,2.3987462849131798
2025-05-20,2.288512834961364,2.5754897291093553,2.295130569655698,2.529037457239234
2025-05-21,2.3979353803288537,2.719076755578168,2.289971072798415,2.52614467742156
2025-05-22,2.378684764692693,2.58217611193738,2.2831756846402413,2.5118043613402032
2025-05-23,2.3939317188187648,2.7265255135201483,2.2765885463720195,2.515210400579303
2025-05-24,2.3515990371129125,2.6638675849207685,2.265892427821063,2.5114377941473376
2025-05-25,2.361092900418044,2.3453441586990627,2.254397780227774,2.478472944775814
2025-05-26,2.4473452568519405,2.729725872785712,2.2419331739749078,2.4758209841439656
2025-05-27,2.425120124595618,2.7443372934804806,2.235571393432638,2.4726522398440287
2025-05-28,2.628793869284156,2.940551439172686,2.241246421652195,2.4806713648111782
2025-05-29,2.4603590029919027,2.732749511110098,2.2185991200019655,2.453077876506761
2025-05-30,2.4188507305199365,2.7306824332108874,2.2101213762701195,2.451929910646569
2025-05-31,2.425852988786325,2.703473687385378,2.268676938034951,2.5231849351830706
2025-06-01,2.4225180086402043,2.719443570965123,2.341666576197206,2.6051245619272216
2025-06-02,2.4389906760938223,2.8002534104240775,2.417113378149753,2.6938355051642375
2025-06-03,2.4146496084234284,2.8067468857061697,2.4261231476827576,2.7103538734925814
2025-06-04,2.38623894846584,2.7876843731449963,2.4252876882639707,2.715254417604498
2025-06-05,1.5395783496535913,1.7920223051330968,2.3653515157611777,2.65881485997562
2025-06-06,0.8620985050117255,1.0021894533540925,2.2559348576321034,2.5356479985351874
2025-06-07,0.6860622952036176,0.7961113359478823,2.1369679474957253,2.4022368378942676
2025-06-08,0.9263623670909804,1.0773582827346186,2.034487195115221,2.3116664181825213
2025-06-09,2.4106981979013735,2.8182462569564355,2.031869548047323,2.3179893027661445
2025-06-10,2.4216766929349913,2.822956762017876,2.0316235886429928,2.3236049790902444
2025-06-11,2.4389501715291124,2.8367991346703207,2.0180633245176325,2.316194100197218
2025-06-12,2.4135620172494767,2.820386115222936,2.0147206826788877,2.3224538576338496
2025-06-13,2.300868091940593,2.6765184293079782,2.006293351351792,2.318585000212213
2025-06-14,1.9715623092463956,2.29225582347308,1.9738440170989395,2.2892122956470486
2025-06-15,2.0822772592820296,2.4159452144806743,1.9495411064304984,2.2675338416124453
2025-06-16,2.4427372239540066,2.8374883007879244,1.9498087169919402,2.2701934766384344
2025-06-17,2.3663658739350857,2.762579483935975,1.9463598788142014,2.2670386622262777
2025-06-18,2.339444600128975,2.7507756809952273,1.9430174253615682,2.2644023270727227
2025-06-19,2.3988552599121964,2.8180964189128073,2.004394347522897,2.3376933351998446
2025-06-20,2.3801384832269736,2.7801183025521743,2.1128257745382717,2.4646882529997076
2025-06-21,1.848852411419349,2.1477406077251033,2.1958822114108245,2.561233200983795
2025-06-22,1.2360732458828623,1.4339401011750827,2.2180044170388156,2.5867033308723997
2025-06-23,2.4279836529720975,2.83775970099547,2.2192390924010104,2.5880971483037594
2025-06-24,2.38992568687185,2.8237884241714353,2.2169711633965004,2.5881565527432997
2025-06-25,2.33427543533345,2.770310472109117,2.2094943965253817,2.5834073625603566
2025-06-26,1.9898775133669386,2.365260344883542,2.179231217676629,2.550898378964685
2025-06-27,2.3568658665616495,2.7973482725685392,2.1832310587209895,2.5595290820547256
2025-06-28,2.4015052374098307,2.8118279707063323,2.213941267875521,2.5966413782856717
2025-06-29,2.42528010975956,2.7995551113715815,2.238441471481059,2.624042085206451
2025-06-30,2.391029754859368,2.7929290440698185,2.2347480808314417,2.6208592811551576
2025-07-01,2.380206375283285,2.791955203893484,2.235736688070599,2.6229575468664086
2025-07-02,2.354686475086699,2.7603337680101547,2.236825393424722,2.6236402673674744
2025-07-03,2.4227340708594918,2.835392520284139,2.2385310227781003,2.6248757031797125
2025-07-04,2.423501910536783,2.8467017913070194,2.241628410443087,2.6296316666622017
2025-07-05,2.403923327964014,2.833825592361371,2.28127633305342,2.6786377369933634
2025-07-06,2.0533332804890896,2.428751167301958,2.339652049811008,2.74969567028814
2025-07-07,2.37035421682343,2.80430008298819,2.335535661514674,2.7473056975733345
2025-07-08,2.3324078666279466,2.7648771311202394,2.3314272457829666,2.743097748069677
2025-07-09,2.3533427982325485,2.778383698882129,2.3327892002757595,2.7436744071248924
2025-07-10,1.8897854718498162,2.202782376269688,2.325639768738822,2.732068837938189
2025-07-11,1.5595588924684232,1.8247673473774118,2.2686892705893063,2.662598771853108
2025-07-12,1.6563422393976748,1.939336008112276,2.2154633421598664,2.6002779173821042
2025-07-13,1.942398649483398,2.2818759490771274,2.180971809282998,2.5633008343610717
2025-07-14,1.4292645807825262,1.6818112228218711,2.1122742968489376,2.483935275700504
2025-07-15,2.281675457077813,2.680036829313182,2.105236374119975,2.4759411060876255
2025-07-16,1.5329707069814043,1.8031627122406408,2.0465423906838827,2.4075717449612317
2025-07-17,2.357101562731362,2.7811262690414145,2.041854354389016,2.40369558415818
2025-07-18,2.382828049689511,2.7829339410636598,2.0389490786142113,2.399140737712226
2025-07-19,2.385006404598327,2.779796591230642,2.0375978698023767,2.395281523345745
2025-07-20,0.5426061633049581,0.6363631348737441,1.9296887900035098,2.2672538067437293
2025-07-21,1.3642032999902927,1.6140943628142672,1.8578208673725716,2.1822391124455924
2025-07-22,2.2960000426566807,2.7288053404320207,1.855220308517481,2.1796625559678624
2025-07-23,2.2390362318778894,2.6860515966671246,1.8470555537778623,2.1730674058096477
2025-07-24,2.0262834838846615,2.4004212693520435,1.8568054117803514,2.187184469601245
2025-07-25,2.399972844577343,2.8294458887455787,1.9168349797881314,2.2589472225561136
2025-07-26,1.8453331689441845,2.1769649849720647,1.9303343318985964,2.2759207209032417
2025-07-27,2.0648052402776087,2.43146600866292,1.9390776598124688,2.286605725159369
2025-07-28,2.07840927262248,2.4284904659703725,1.985445137801037,2.339939956812834
2025-07-29,2.102315457589235,2.4451976245258296,1.9726337092661386,2.3231657278994513
2025-07-30,2.070283862191671,2.3718783205461014,2.011013220352586,2.3637882713498413
2025-07-31,2.0149816044291113,2.3346396084469814,1.986576080473854,2.3318963670216677
2025-08-01,1.7789415361551821,2.0359746390235514,1.9434413295071162,2.27854213116166
2025-08-02,1.568385887548087,1.7465127198450874,1.885111292574956,2.2047361403484063
2025-08-03,2.1121374038876493,2.4407766682507672,1.9972206669022914,2.333622821303908
2025-08-04,2.0773423314309447,2.394258048636886,2.048159169148052,2.3893487988626663
2025-08-05,2.000978933962505,2.316594410940077,2.0270862328127537,2.359905161041813
2025-08-06,2.0796727798835155,2.367414503819699,2.01570312909887,2.3371453686955688
2025-08-07,1.791148692229404,2.0747928689021116,1.99890778683778,2.3138861972348588
2025-08-08,1.076240447046581,1.2383634413993028,1.90435547272844,2.2002374509958393
2025-08-09,2.087676519521297,2.4015197539638296,1.9216657120553766,2.216277077352394
2025-08-10,1.9478067516860713,2.25129707507335,1.913308677155981,2.2034078678102818
2025-08-11,1.2727797397470897,1.4764387826518461,1.8557637105220246,2.135404176144673
2025-08-12,1.2737958362154302,1.4733920344709435,1.7965837375667526,2.065989491140752
2025-08-13,2.0130018022539033,2.3094715522565123,1.7924921618569123,2.061531864834353
2025-08-14,1.9685114556613228,2.2475864180505556,1.789172865516356,2.055313779806037
2025-08-15,1.886349668556083,2.1568687534240056,1.7968448749735633,2.063949073691784
2025-08-16,0.940675750030207,1.0736233069844152,1.7520084365794288,2.015885544201736
2025-08-17,1.965013180442565,2.235909845250288,1.7414995634762085,2.0012521997017014
2025-08-18,2.015461466097865,2.3019523894466967,1.7370795016667029,1.9946589383309736
2025-08-19,2.099326690431941,2.390285712744313,1.7441043414145199,1.9999226027455619
2025-08-20,2.144005766840401,2.432455169120894,1.748699554768583,2.00456836455279
2025-08-21,2.1099813457801853,2.4250307285200763,1.7714733157364961,2.029585354525502
2025-08-22,2.097959081273319,2.4003497694446136,1.844453218181263,2.1125843779573104
2025-08-23,2.089692172404042,2.368296192911738,1.8445971933871732,2.110211266453589
2025-08-24,2.125561956031004,2.400377980507454,1.8572939936975257,2.120859902556025
2025-08-25,1.8610358317427278,2.112936738152871,1.8993122859829281,2.1663240422346695
2025-08-26,2.0010330225235924,2.2664335745358994,1.9512577992906543,2.2229698665250237
2025-08-27,1.5765043474925429,1.7627233030807812,1.920079409664843,2.1839164201553287
2025-08-28,1.941398884031313,2.196452038757241,1.9181427974055563,2.1802639644915205
2025-08-29,2.1379345328340693,2.4184885227284134,1.936113144853984,2.198951090870407
2025-08-30,2.1007606014492355,2.3745071413010956,2.0189763485267718,2.2918713647501696
2025-08-31,2.1307265919389384,2.3899303463993893,2.0308130207765127,2.3028728291179625
2025-09-01,2.0969857888459655,2.352247524798807,2.0366361866870912,2.30646533878597
2025-09-02,2.1144006744360584,2.391213530794677,2.0377128998302423,2.306531611503854
2025-09-03,2.102463096614878,2.3850412990789387,2.0347455662427048,2.303144906500857
2025-09-04,2.0814467921660236,2.3449324387437076,2.0327073838416934,2.297423600088259
2025-09-05,2.1081906802078936,2.323791845579069,2.0334382123370203,2.291955176955006
2025-09-06,2.1736158944719697,2.347978885444734,2.0394327639133008,2.290503940707363
2025-09-07,1.7693920412641093,1.9572934342616213,2.0139920557156654,2.2588550445469457
2025-09-08,1.7564373998059313,1.947193501240677,2.0065207391487516,2.247016241910361
2025-09-09,2.130684894898323,2.37093934048195,2.015781587175518,2.2544809394779355
2025-09-10,2.1107514728904064,2.3576333859777736,2.0539420961325083,2.296974516827721
2025-09-11,2.086513917070969,2.332872276709867,2.064307455635341,2.3067188195386232
2025-09-12,2.0932445846280867,2.3373925397574378,2.0611153164777707,2.30092624932641
2025-09-13,1.361750048477204,1.5117746253875806,2.0083288484083397,2.2393024981897307
2025-09-14,1.566168304385609,1.732352720400191,1.9680032564402448,2.1923326677612165
2025-09-15,1.7453089827523975,1.9103394247789385,1.9428834845764185,2.160767803474083
2025-09-16,1.9824238990316354,2.189790186609193,1.933456572047531,2.1463804217465485
2025-09-17,2.0846850085935222,2.2717113349311435,1.9321867086174345,2.13828542430742
2025-09-18,2.1500630442901367,2.3582790649155334,1.9370878694834424,2.139238754748265
2025-09-19,2.1246385183034833,2.3248041561478097,1.938262715061699,2.139311062646032
2025-09-20,2.1406962160474947,2.3411437221962488,1.9359113094599505,2.138822836699712
2025-09-21,0.2910349589006924,0.3183137691875363,1.8303143750054207,2.0217528606229913
2025-09-22,2.1274425058369824,2.327023824955661,1.8568147397219243,2.0488835980312046
2025-09-23,2.121070092751061,2.3162221867281163,1.8561279681399772,2.0449752299059307
2025-09-24,2.1043044059338705,2.300075971200739,1.8556674633573673,2.0408639859932856
2025-09-25,2.110536084889897,2.282062434635086,1.857383332487291,2.0372347115593725
2025-09-26,1.4531095313997038,1.5625630004034878,1.8116594001138349,1.9818897444626618
2025-09-27,1.4319395540232156,1.5370518021721333,1.8166729362242644,1.9836952570901298
2025-09-28,2.2229518939673634,2.2600799458401384,1.8635860497658183,2.021390058907269
2025-09-29,2.448725086903256,2.4261789346089992,1.9138300572051654,2.0582357381808447
2025-09-30,2.3107127260151796,2.456294485677167,1.9372792591325614,2.077271759542843
2025-10-01,2.282404016781805,2.439544479091074,1.9514020454317242,2.0892598412685524
2025-10-02,2.4054321758592105,2.4603264150060213,1.9696426976866583,2.096548937703587
2025-10-03,2.3647569724225455,2.4000925855225455,1.9867940158380197,2.101926682658925
2025-10-04,2.383520096325985,2.4913722498153477,2.0041385787150547,2.112657291774575
2025-10-05,0.7573836154799655,0.7931885602067394,2.0374491970421458,2.1465769197045184
2025-10-06,2.2369471464204365,2.285503501567728,2.045270957083821,2.143611182319666
2025-10-07,2.560766994269658,2.546340384528563,2.0766778786208637,2.1600481964482694
2025-10-08,2.3357476096949514,2.3841883566307978,2.0932095360323695,2.166056223978988
2025-10-09,2.271926088402767,2.3568724356260935,2.104737393426146,2.1713997954783455
2025-10-10,2.2397666237119096,2.360490984500455,2.1609271857341605,2.2283946514852717
2025-10-11,2.338776604573369,2.373857520466183,2.2257012607734574,2.288166488506275
2025-10-12,2.2789359424892486,2.391495541414778,2.2297001213821632,2.297553316761607
2025-10-13,2.3208708113529055,2.3868909724793017,2.2205676731285666,2.294747033752343
2025-10-14,2.223683212728848,2.3190455042372022,2.2143512793224,2.2849435350780594
2025-10-15,2.2647109317641734,2.3592904627460447,2.2130874875354265,2.2792111053391286
2025-10-16,2.1478730870067166,2.2231362053555896,2.1946904097602484,2.262268947506955
2025-10-17,2.228751153212572,2.324169066900882,2.1849757083881074,2.256845839033979
2025-10-18,2.2152797911310063,2.2883213397274633,2.1729585437313235,2.24234220259913
2025-10-19,2.3198742459106634,2.3253169408753998,2.284565017333516,2.351779944075463
2025-10-20,2.2143319279360747,2.2974263696554322,2.282949644584633,2.352631577510299
2025-10-21,0.4632034432968831,0.4667197634731964,2.1331236766580064,2.2040872474349156
2025-10-22,2.008235207536061,2.07387999009762,2.109729933646657,2.1819223641111174
