dust_accumulated,pi_residual
0.125,-0.05661708339661242
1.125,-0.024463725393962132
2.125,-0.04826546910769425
3.75,-0.0798063694411355
8.0,-0.11752502044286972
19.625,-0.08578217477247341
23.5,-0.11774466886659418
31.833333333333336,-0.07068821447834761
38.5,-0.12605852881496382
50.083333333333336,-0.0432691633746618
60.333333333333336,-0.04185275558468726
62.875,-0.015481337782416116
63.708333333333336,-0.04364848375602559
63.708333333333336,0.2627349772556622
63.708333333333336,-0.010174809002754248
63.708333333333336,0.0029427799667747223
64.0,0.022988541517312555
64.20833333333333,0.039842515123461375
64.25,-0.026882665636758674
66.41666666666667,-0.026056399760835625
70.58333333333334,-0.05121805371654364
71.16666666666667,-0.020711819956861
71.16666666666667,0.036684567693353376
71.41666666666667,0.020465183283626676
73.625,-0.019032931648984786
76.45833333333333,0.01600187222395988
76.45833333333333,-0.05210153324583988
76.45833333333333,0.020584384002886313
80.20833333333333,-0.008504604160478824
89.875,-0.008397292957884606
102.16666666666667,-0.016846042730419786
115.08333333333334,-0.06198682304547898
142.95833333333334,0.045143327169458125
164.75,0.04557691530210217
184.875,-0.043469980047148304
201.41666666666666,0.003379350649825863
202.41666666666666,0.012771989822290664
204.54166666666666,-0.06808243844202266
205.79166666666666,0.0324093720128098
208.08333333333331,0.007104099058781177
210.62499999999997,0.04670870584192466
217.45833333333331,-0.12710693340956425
217.49999999999997,-0.0017278304722836424
218.54166666666663,-0.02992980177149418
221.8333333333333,-0.037773203559562596
222.66666666666663,-0.13528111943227117
222.66666666666663,-0.16494439113146875
0.0,0.38753078870575886
0.041666666666666664,0.39158866833346373
0.041666666666666664,0.6763423435277689
0.041666666666666664,0.5563641479414967
0.041666666666666664,0.3053275046260513
0.041666666666666664,0.40309451242044947
1.9583333333333335,0.16871799019930833
1.9583333333333335,-0.0032768060208252514
1.9583333333333335,0.23199210798080383
1.9583333333333335,-0.04745195031903959
1.9583333333333335,-0.031294928268778666
2.916666666666667,0.029843133065001748
2.916666666666667,-0.2791064528747156
2.916666666666667,-0.29263283449983124
2.916666666666667,-0.23562817612524967
2.916666666666667,-0.26617015128392607
2.916666666666667,-0.2560491194842647
2.916666666666667,-0.26084602098227627
2.916666666666667,-0.1842351947097658
2.916666666666667,-0.16854495434723438
2.916666666666667,-0.0051181786842584565
2.916666666666667,-0.06015661563736696
2.916666666666667,0.09195966450104853
2.916666666666667,0.05904732588742201
3.416666666666667,0.012652077926376126
4.083333333333334,-0.01791444246184648
4.083333333333334,-0.05803891863248767
4.083333333333334,-0.26900999744669685
4.083333333333334,0.014686399741016487
4.083333333333334,-0.14772422544801023
4.083333333333334,-0.137201621474504
4.625000000000001,-0.01414776542974483
15.375,-0.07522672298167565
15.375,-0.021840664529344522
15.375,-0.06419888751755964
15.375,0.2440309305990609
15.375,-0.15941880813941411
15.375,-0.1436258426393655
15.375,0.027345785589577787
15.375,0.022166530499866166
15.916666666666666,0.03720102680575632
16.916666666666664,-0.009780300461016633
19.291666666666664,0.31174532336951266
20.416666666666664,1.5477211180243344
21.041666666666664,-0.042881516239750006
23.916666666666664,0.037008198000604065
25.291666666666664,0.15264812393976213
25.291666666666664,0.03742578628630433
25.291666666666664,0.023993566752835704
25.291666666666664,0.0193328328703668
26.333333333333332,-0.02716710150806012
29.666666666666664,-0.0032768060208252514
37.08333333333333,-0.026636030619472173
42.541666666666664,-0.05089448036184541
50.20833333333333,-0.03823688937842995
59.95833333333333,-0.06726967199884504
65.83333333333333,-0.17841028922956825
73.0,-0.18205211552538225
74.125,-0.035566390540355375
75.33333333333333,-0.023918222951448076
76.79166666666666,-0.07729444397771523
79.41666666666666,-0.05995916485250952
80.08333333333333,-0.14188203088207052
81.08333333333333,-0.07391299695255249
82.08333333333333,-0.0715228693237635
82.45833333333333,-0.150584683564857
83.04166666666666,-0.12033140580149748
83.04166666666666,-0.05333993596052755
83.79166666666666,-0.07375746014106133
0.9166666666666666,-0.42484270936583357
31.041666666666668,-0.28137888911259834
54.91666666666667,-0.16644230398051585
76.45833333333334,-0.16024169847166103
115.125,-0.13539640157928945
154.20833333333334,-0.11998445104668587
196.875,-0.15033521759053947
210.29166666666666,0.026074763176584526
211.875,0.0760973992390821
212.16666666666666,0.1492152504056028
212.16666666666666,0.2768053551657399
212.16666666666666,-0.13087857553531723
212.16666666666666,0.06016512234583837
213.58333333333331,0.04742469147099193
215.41666666666666,0.03891854566518127
220.45833333333331,0.04921434093019661
221.49999999999997,-0.00020622294838057442
223.12499999999997,-0.02455892669035542
231.29166666666663,-0.03405903504926977
236.99999999999997,0.01880692646206672
238.45833333333331,-0.06298491261409866
259.29166666666663,-0.10281365665432673
319.54166666666663,-0.06293928736217635
352.8333333333333,-0.09142077174172325
354.375,-0.04210422825086679
356.1666666666667,-0.07203545048321969
357.6666666666667,-0.09297587417698283
359.6666666666667,0.019684393586437032
364.33333333333337,0.03437201811671464
371.08333333333337,-0.017047062880890085
371.20833333333337,-0.013072097306995545
371.87500000000006,0.053411781835445815
373.12500000000006,0.03984673450987808
375.29166666666674,0.020272720399401756
375.79166666666674,-0.032273651435951844
376.7083333333334,0.0758621244886295
376.7083333333334,0.04850714952540969
376.7083333333334,0.030690852254088963
376.79166666666674,-0.135273700065782
394.16666666666674,0.044656298041672926
410.25000000000006,-0.030486203928256295
5.5,-0.1387576150430081
9.166666666666666,-0.16997634069583123
27.5,-0.18356177930732853
29.375,-0.040316751969003306
30.375,-0.011276354354382345
32.125,-0.02823226801632872
52.08333333333333,0.07268460258268572
64.25,0.05122867397363917
65.91666666666667,0.0872941649702077
68.08333333333334,0.11168589878876256
75.08333333333334,0.08837552059258336
88.66666666666667,0.081070576127523
94.125,0.06694108888576977
118.0,-0.23387874668761288
129.83333333333334,-0.12028250703910981
132.0,-0.03387240929207902
133.20833333333334,-0.05359432771307171
134.20833333333334,-0.0539974594802044
143.75,-0.12437909197987995
166.125,-0.1723780397294612
213.91666666666666,-0.29533804704574074
247.45833333333331,-0.3574041862710935
247.58333333333331,-0.07051912678746053
247.58333333333331,0.00411881874171538
247.99999999999997,-0.0014383780467457363
248.24999999999997,0.008874417743522045
248.24999999999997,0.009052391459889009
249.33333333333331,-0.0027519923058494378
250.24999999999997,0.016742447914030567
252.29166666666663,0.015846991932147336
254.66666666666663,0.02034088725855021
258.87499999999994,-0.00644535389219314
259.29166666666663,0.016272870567322517
259.91666666666663,0.02885613596002834
260.4583333333333,0.04043305718084067
260.4583333333333,0.019543357671680806
260.9583333333333,2.9618194361979988e-05
261.5,0.2249855448642677
263.125,-0.019058387826029755
270.75,-0.013208328082595422
271.625,-0.07847491278027618
271.8333333333333,0.04468146968891196
274.25,0.013374389867479852
278.25,0.0205451975338935
283.2916666666667,0.037666142917748946
287.4166666666667,-0.020344013465985356
292.33333333333337,-0.09166228034382407
296.83333333333337,-0.14063044167301753
302.45833333333337,-0.06995436851078729
302.70833333333337,-0.0014383780467461804
302.70833333333337,0.09004295427374576
303.2916666666667,0.020729772303202054
304.2916666666667,-0.0501985777809395
305.2916666666667,-0.02132412539135986
305.45833333333337,-0.04500552101422395
0.20833333333333334,-0.15354523169307432
0.6666666666666666,-0.22372398861872433
1.125,-0.210258392039413
1.125,0.18783929004803568
1.125,-0.44676470135826163
1.125,0.025136997244353587
1.125,0.052178290219743406
1.125,-0.08077481747133897
1.125,-0.07625884456117449
1.125,0.1010603054531849
1.125,0.19202539030678478
1.6666666666666665,0.2523945613581873
3.6666666666666665,0.08096595594666711
5.166666666666666,0.0013194925026343007
5.833333333333333,-0.11375812093418203
5.833333333333333,-0.06995545960553207
5.833333333333333,0.022095267664249185
5.833333333333333,0.01768468418434077
5.833333333333333,-0.07127951664725307
5.833333333333333,-0.06650781193271182
5.833333333333333,-0.04926694386633068
5.833333333333333,0.018194881312203037
6.291666666666666,-0.0409746823181556
6.291666666666666,0.021970490228353956
6.291666666666666,-0.03377995880466145
6.291666666666666,-0.01721183008253302
6.291666666666666,0.13034710117061632
6.291666666666666,0.09934379875023769
7.749999999999999,0.38176169718485653
12.0,-0.5285320932924278
13.25,0.03743993878084684
13.791666666666666,-0.23753088615187146
15.166666666666666,0.13473358440535366
17.541666666666664,0.3287025482696331
20.958333333333332,-0.3587394997275797
23.875,-0.055772959851629444
26.416666666666668,-0.09718284647886488
27.875,-0.04757386167406752
33.5,-0.053249422434973326
38.0,0.02974987929072448
45.208333333333336,-0.021867883220784368
58.75,-0.4573392615047531
79.0,0.13308919090075433
97.95833333333333,-0.0495061444956133
109.66666666666666,-0.15628385982992343
118.08333333333333,0.10048073700434834
118.75,0.3439197941189258
118.79166666666667,-0.1376259657407104
118.79166666666667,1.6079630418456623
118.79166666666667,-0.03223947487679224
121.125,-0.4826636823540267
124.08333333333333,-0.07437709025184125
125.70833333333333,0.4692356237026183
126.08333333333333,-0.40812205137603774
126.375,0.21778197273873579
126.875,0.07884234240772248
127.54166666666667,-0.03983063183909197
128.33333333333334,0.19256030979151184
129.33333333333334,-0.11327291429412689
130.625,0.4463147145642026
131.625,-0.046428606943183404
131.625,0.195965435294029
132.29166666666666,0.09359771350494528
133.58333333333331,0.10752556462226348
134.87499999999997,0.07924265971854672
142.58333333333331,0.014340193241590526
145.58333333333331,0.06088132297396065
145.99999999999997,0.07121919637947949
145.99999999999997,0.11608088078734635
146.45833333333331,0.31977337557535535
152.20833333333331,0.11081909468440365
162.33333333333331,0.2018075080748254
169.87499999999997,0.0419994532567034
169.87499999999997,0.12321607441285831
169.87499999999997,0.14941611850833514
169.87499999999997,-0.09165840995899543
169.87499999999997,-0.017682852062174348
169.87499999999997,-0.13968525666800335
170.41666666666663,-0.02460674537344243
171.41666666666663,-0.008401882983841258
173.04166666666663,-0.010866867787061807
174.99999999999997,0.03250221734141956
176.79166666666663,-0.013551721957878016
176.79166666666663,0.0837019402651249
176.79166666666663,-0.12460512062262996
176.79166666666663,0.16979912565877742
180.37499999999997,0.23549273211535748
181.58333333333331,-0.023754294566276535
181.58333333333331,-0.22059957543834674
181.83333333333331,-0.0463291974307265
182.62499999999997,-0.06851984571825254
182.70833333333331,-0.11545003684653388
182.70833333333331,-0.04028675853100161
182.70833333333331,-0.04801395467098857
182.70833333333331,-0.03498279644106628
183.16666666666666,-0.039846742591265194
184.16666666666666,-0.04526721758402674
185.54166666666666,-0.05161309067275521
186.54166666666666,0.07849683688772569
187.29166666666666,0.012469972963462972
187.375,0.08100476821326552
0.9583333333333334,0.05344122187364686
0.9583333333333334,0.18654827328432644
0.9583333333333334,0.2833705779215463
0.9583333333333334,0.21299246509119785
1.7916666666666667,0.12749542954056903
4.166666666666667,0.14291673782378744
7.166666666666667,0.12640881199194887
7.166666666666667,0.0070282628454712
7.166666666666667,-0.010159865124252931
7.166666666666667,0.06869454672084574
7.875,0.13259930104371254
7.875,-0.04877077827269405
7.875,-0.028866178183057034
7.875,-0.05519829019212663
7.875,-0.06176063529027953
8.25,-0.1893733016583714
8.375,0.33888955727063497
9.375,0.044041000941756
10.375,-0.08052648208765278
11.375,-0.03895643952595318
12.416666666666666,0.02572469672518496
13.5,0.05188990487139211
13.5,0.14396548100128514
13.5,0.09402890407075581
14.0,0.09851073396047072
15.916666666666666,0.028939488333341146
17.625,-0.07266692143565257
20.708333333333332,-0.05843371210534665
20.708333333333332,0.0801732597873146
20.708333333333332,-0.053813835647933406
20.708333333333332,-0.08429406100641001
20.708333333333332,-0.08654872157357518
20.708333333333332,-0.08435755799206612
21.0,-0.10294261360615309
21.75,-0.06079662379448747
21.75,-0.024411317023462775
23.0,-0.11634029080208563
23.958333333333332,-0.04665259749365669
24.958333333333332,0.03921140060124717
25.708333333333332,-0.05723299023088968
27.833333333333332,-0.10254027335474358
28.958333333333332,0.014646184718180688
29.666666666666664,-0.07493884220847402
30.541666666666664,-0.019198330689551124
31.999999999999996,-0.05928875626244201
33.416666666666664,-0.028150715482524458
33.45833333333333,0.030291273188536305
33.45833333333333,0.034586445367797314
33.45833333333333,0.017498327271469716
33.45833333333333,0.008940022071445952
33.45833333333333,0.026635839095831226
33.45833333333333,0.062132988914954446
33.45833333333333,-0.008110764717679686
33.87499999999999,0.03553801127119982
33.87499999999999,-0.01649838440584883
34.37499999999999,0.06869454672084618
35.37499999999999,0.03959499367631203
35.37499999999999,-0.059584675018172994
35.37499999999999,-0.04366212882412146
35.37499999999999,-0.031975673064180477
35.37499999999999,-4.1140088438140765e-06
35.37499999999999,-0.0073930157527413165
35.37499999999999,0.020307479026460573
35.37499999999999,-0.033543361794532434
35.37499999999999,0.0029977399840932506
35.37499999999999,0.0512516998758632
35.37499999999999,0.014643133426988086
35.37499999999999,-0.033593517735380996
35.37499999999999,-0.05855942559278149
35.37499999999999,0.10083523336188671
35.37499999999999,0.0942902689347056
35.66666666666666,0.1060569524576982
36.49999999999999,0.10746010181830945
1.0,-0.5871701711898116
7.0,-0.5834264258215125
22.208333333333336,-0.6180864391199896
35.16666666666667,-0.5130912309286217
50.16666666666667,-0.3898732363105353
68.875,-0.28997400496409176
68.875,-1.4183079584537102
68.875,-0.008379162678551655
68.875,0.257121206043879
68.875,0.39040692364240437
73.33333333333333,0.4113808548003717
78.66666666666666,0.41805241439900787
91.74999999999999,-0.06054656635989719
125.12499999999999,-0.1415146598654724
127.45833333333331,-0.07541049288274237
128.87499999999997,-0.10471614464775847
131.16666666666663,-0.023439229828365882
132.74999999999997,-0.08476474451293026
132.74999999999997,-0.1474354293176101
133.24999999999997,-0.045715085436646596
134.08333333333331,-0.004660293229376222
134.08333333333331,0.022079936135614542
134.08333333333331,0.04573209043601478
134.16666666666666,-0.06809254953135868
134.16666666666666,0.006296729143157265
135.625,0.03215309403544531
141.5,0.014536356015576679
146.875,0.03878137929915271
154.79166666666666,0.029324339871312333
161.41666666666666,-0.009021129302204667
166.375,0.09752028417500203
170.25,0.0872103832316351
176.25,0.05487184627972752
176.875,-1.4979292926963417
177.125,-0.303967153728133
177.83333333333334,-0.3293325747314384
178.83333333333334,-1.1620715880747228
179.625,-0.08771424859268429
180.25,0.15950874273612747
181.25,0.11255698323025376
182.66666666666666,-0.018058709482363433
204.375,0.13681824817573984
230.83333333333334,0.1629498914968157
231.66666666666669,0.19516174213165316
231.83333333333334,0.15792979313313849
232.0,0.18254296445142826
232.0,0.22489371967469474
232.0,0.5184351566843279
232.0,-1.0312558685006419
232.0,-0.01129956522686193
232.70833333333334,0.13505424051223036
244.5,0.0009203761417215794
265.2083333333333,0.1480365569947697
296.79166666666663,0.08814540766566914
297.2083333333333,0.1769154540362199
297.2083333333333,0.37589637899870443
297.54166666666663,0.17086123020639654
297.62499999999994,0.14711896502223532
297.83333333333326,0.1658556278722596
297.87499999999994,0.249432246601494
297.87499999999994,0.2586925011538659
298.87499999999994,0.2423967678629717
300.99999999999994,0.28679254802580845
303.33333333333326,0.2942698323575281
305.12499999999994,0.31087898428025307
306.74999999999994,0.2972327441031477
307.24999999999994,-0.22536398910614963
307.29166666666663,0.32540204674925377
308.04166666666663,0.25326000916758407
309.37499999999994,0.24422298549711563
310.74999999999994,0.31431050268497485
311.37499999999994,0.3450409018487557
313.87499999999994,0.3338364042950004
316.54166666666663,0.2831252315029613
317.8333333333333,-0.1191581164523341
319.4583333333333,0.31569659050294296
319.75,0.3234369878465442
319.75,0.3195776998150608
319.75,0.3213706389090061
319.75,0.292515982295956
319.75,0.3703415138402195
319.75,0.3844175641333796
320.625,0.3743081444580105
322.125,0.3503161936253889
323.4166666666667,0.3136600210277174
325.70833333333337,0.3299333680598866
325.7916666666667,-0.24290117528227517
325.7916666666667,-0.6181494249042716
325.7916666666667,-0.5008139848991278
325.7916666666667,-0.155507264663997
325.83333333333337,-0.7528052116489741
326.87500000000006,0.24818717411261693
327.50000000000006,-0.625920163689645
328.50000000000006,0.3548101723814079
329.50000000000006,0.35938462367393287
330.04166666666674,0.3590140531111943
331.0833333333334,0.3163231401234117
332.9583333333334,0.27633617562879476
334.2500000000001,-0.006527372416006649
335.0833333333334,0.4252640262478078
335.1250000000001,-0.22445009825542606
335.1250000000001,0.03281770470570855
337.7500000000001,0.032608941283440274
340.5416666666668,0.052082879109177416
341.6666666666668,-0.018469645600271978
341.8750000000001,-0.052941578429111846
341.8750000000001,-0.3488397685822626
342.1666666666668,-0.6355349084904474
342.4166666666668,0.06149581918551217
343.0833333333335,0.01774397884191048
343.6666666666668,-0.05715287958461923
344.1666666666668,-0.29342086308202564
344.3750000000001,-1.1270835113145552
344.3750000000001,0.038839580520251715
344.3750000000001,-0.10861631909994873
344.3750000000001,-0.04214150410594808
344.9583333333334,-0.10125985904162516
345.5000000000001,-0.18921074439789543
345.8750000000001,-1.2696894115672066
345.9166666666668,-0.10463609403105467
346.3750000000001,-0.035826770564365784
347.0833333333334,0.10020956765039069
347.7083333333334,0.095551906319852
350.0000000000001,0.0736377265146686
352.4166666666668,0.044350929252072735
352.4166666666668,0.07919949611806842
352.4166666666668,-0.20547496696623524
352.4166666666668,-0.04921135131292731
352.4166666666668,-0.5501548434977663
352.4166666666668,-0.113659328551027
353.6666666666668,0.11114393469042527
356.0416666666668,0.06992933253338673
362.1250000000001,0.08811931690196007
364.7083333333334,0.0532032745716573
366.3333333333334,0.0949360598378064
371.66666666666674,0.09153060739234808
374.04166666666674,0.054188526327396236
375.04166666666674,-0.3251501403438515
376.41666666666674,-0.3324832940945166
379.87500000000006,0.09402932441703626
382.04166666666674,0.08349014918313902
384.66666666666674,0.06149581918551217
388.04166666666674,0.06878286150336255
389.41666666666674,-0.7540682735962154
390.5833333333334,-0.5307233993133254
390.5833333333334,-0.3499699156642986
390.5833333333334,-0.06775237456376493
390.5833333333334,0.01693555302846539
390.5833333333334,0.10627006228313496
390.5833333333334,0.07556193278569046
390.5833333333334,0.09466827810440925
390.5833333333334,0.08608193940438102
391.2500000000001,0.07804708044711539
392.2500000000001,0.06466764419001736
393.2500000000001,0.04942088689464397
393.6250000000001,-0.6673117680666745
393.6250000000001,-0.6900561870277497
393.6250000000001,0.035738735910535
393.6250000000001,0.23748683428812223
393.6250000000001,0.22350360697230887
393.6250000000001,0.187514939403989
393.6250000000001,0.16296579766956398
393.6250000000001,0.16935112581420553
393.6250000000001,0.185484441050213
393.6250000000001,0.20588924126908736
393.6250000000001,0.2040514516038905
393.6250000000001,0.1389727626320707
393.6250000000001,0.1819845004111924
393.6250000000001,0.15239666310658917
395.3333333333334,0.11931571520344963
395.3333333333334,0.13395430367197791
