date,ground_value,cams_value,site_key,station_code
2023-01-01,46.02,23.90833333333333,canakkale,TR170141
2023-01-02,61.37,28.758333333333336,canakkale,TR170141
2023-01-03,46.97,20.570833333333333,canakkale,TR170141
2023-01-04,44.64,20.520833333333332,canakkale,TR170141
2023-01-05,33.09,18.974999999999998,canakkale,TR170141
2023-01-06,46.39,14.783333333333333,canakkale,TR170141
2023-01-07,55.86,18.795833333333334,canakkale,TR170141
2023-01-08,49.01,23.054166666666664,canakkale,TR170141
2023-01-09,53.82,18.070833333333333,canakkale,TR170141
2023-01-10,63.45,8.466666666666667,canakkale,TR170141
2023-01-11,19.09,6.325,canakkale,TR170141
2023-01-12,26.34,12.241666666666667,canakkale,TR170141
2023-01-13,31.19,8.174999999999999,canakkale,TR170141
2023-01-14,26.44,13.145833333333334,canakkale,TR170141
2023-01-15,25.92,14.029166666666667,canakkale,TR170141
2023-01-16,37.65,14.008333333333333,canakkale,TR170141
2023-01-17,49.3,17.183333333333334,canakkale,TR170141
2023-01-18,47.16,21.425,canakkale,TR170141
2023-01-19,40.54,15.441666666666668,canakkale,TR170141
2023-01-20,36.04,9.495833333333334,canakkale,TR170141
2023-01-21,30.76,9.695833333333333,canakkale,TR170141
2023-01-22,27.09,9.895833333333334,canakkale,TR170141
2023-01-23,39.62,20.191666666666666,canakkale,TR170141
2023-01-24,30.89,16.229166666666668,canakkale,TR170141
2023-01-25,21.12,13.283333333333333,canakkale,TR170141
2023-01-26,32.34,17.2375,canakkale,TR170141
2023-01-27,23.27,7.541666666666667,canakkale,TR170141
2023-01-28,18.09,8.608333333333333,canakkale,TR170141
2023-01-29,20.03,10.579166666666667,canakkale,TR170141
2023-01-30,23.69,11.862499999999999,canakkale,TR170141
2023-01-31,31.19,11.9125,canakkale,TR170141
2023-02-01,21.18,10.945833333333333,canakkale,TR170141
2023-02-02,25.73,9.095833333333333,canakkale,TR170141
2023-02-03,25.22,9.466666666666667,canakkale,TR170141
2023-02-04,28.2,7.670833333333333,canakkale,TR170141
2023-02-05,22.0,7.329166666666667,canakkale,TR170141
2023-02-06,19.07,7.754166666666666,canakkale,TR170141
2023-02-07,21.58,11.174999999999999,canakkale,TR170141
2023-02-08,22.83,12.404166666666667,canakkale,TR170141
2023-02-15,45.0,16.054166666666667,canakkale,TR170141
2023-02-16,31.67,15.908333333333333,canakkale,TR170141
2023-02-17,30.1,16.804166666666667,canakkale,TR170141
2023-02-18,34.11,14.858333333333334,canakkale,TR170141
2023-02-19,28.52,13.579166666666666,canakkale,TR170141
2023-02-20,29.35,13.245833333333332,canakkale,TR170141
2023-02-21,26.9,11.733333333333334,canakkale,TR170141
2023-02-22,29.4,16.508333333333333,canakkale,TR170141
2023-02-23,43.17,21.291666666666668,canakkale,TR170141
2023-02-24,50.03,26.099999999999998,canakkale,TR170141
2023-02-25,45.55,16.795833333333334,canakkale,TR170141
2023-02-26,56.58,15.570833333333333,canakkale,TR170141
2023-02-27,46.68,23.016666666666666,canakkale,TR170141
2023-02-28,41.7,28.34583333333333,canakkale,TR170141
2023-03-01,27.13,27.495833333333334,canakkale,TR170141
2023-03-02,22.75,22.991666666666664,canakkale,TR170141
2023-03-03,42.21,21.7375,canakkale,TR170141
2023-03-04,32.81,17.287499999999998,canakkale,TR170141
2023-03-05,30.08,8.770833333333334,canakkale,TR170141
2023-03-06,18.97,13.325000000000001,canakkale,TR170141
2023-03-07,26.72,12.345833333333333,canakkale,TR170141
2023-03-08,31.93,13.075000000000001,canakkale,TR170141
2023-03-09,24.87,12.0375,canakkale,TR170141
2023-03-10,21.26,13.883333333333333,canakkale,TR170141
2023-03-11,30.75,10.579166666666667,canakkale,TR170141
2023-03-12,30.04,7.154166666666666,canakkale,TR170141
2023-03-13,24.7,8.841666666666667,canakkale,TR170141
2023-03-14,28.11,11.6625,canakkale,TR170141
2023-03-15,39.96,10.9625,canakkale,TR170141
2023-03-18,32.87,10.012500000000001,canakkale,TR170141
2023-03-19,37.36,13.620833333333332,canakkale,TR170141
2023-03-20,51.9,18.308333333333334,canakkale,TR170141
2023-03-21,61.53,22.504166666666666,canakkale,TR170141
2023-03-22,54.07,19.258333333333333,canakkale,TR170141
2023-03-23,29.65,8.345833333333333,canakkale,TR170141
2023-03-24,31.86,10.245833333333334,canakkale,TR170141
2023-03-25,31.91,14.279166666666667,canakkale,TR170141
2023-03-26,38.67,13.308333333333332,canakkale,TR170141
2023-03-27,49.18,15.091666666666667,canakkale,TR170141
2023-03-28,35.41,6.966666666666666,canakkale,TR170141
2023-03-29,26.48,8.933333333333334,canakkale,TR170141
2023-03-30,32.21,10.108333333333333,canakkale,TR170141
2023-03-31,38.39,11.883333333333333,canakkale,TR170141
2023-04-01,43.37,17.6375,canakkale,TR170141
2023-04-02,42.25,12.299999999999999,canakkale,TR170141
2023-04-03,40.45,18.0,canakkale,TR170141
2023-04-04,31.39,10.420833333333333,canakkale,TR170141
2023-04-05,25.77,7.654166666666666,canakkale,TR170141
2023-04-06,35.16,8.633333333333333,canakkale,TR170141
2023-04-07,46.39,11.333333333333334,canakkale,TR170141
2023-04-08,55.67,16.991666666666667,canakkale,TR170141
2023-04-09,47.96,17.591666666666665,canakkale,TR170141
2023-04-10,39.8,8.504166666666666,canakkale,TR170141
2023-04-11,33.71,12.841666666666667,canakkale,TR170141
2023-04-12,47.0,13.85,canakkale,TR170141
2023-04-13,43.08,12.941666666666668,canakkale,TR170141
2023-04-14,49.2,15.445833333333333,canakkale,TR170141
2023-04-15,66.11,18.216666666666665,canakkale,TR170141
2023-04-16,64.85,11.770833333333334,canakkale,TR170141
2023-04-17,70.21,10.991666666666667,canakkale,TR170141
2023-04-18,71.93,12.450000000000001,canakkale,TR170141
2023-04-19,45.11,10.808333333333332,canakkale,TR170141
2023-04-20,42.31,13.866666666666667,canakkale,TR170141
2023-04-21,40.82,15.954166666666666,canakkale,TR170141
2023-04-22,53.81,19.783333333333335,canakkale,TR170141
2023-04-23,44.41,19.1375,canakkale,TR170141
2023-04-24,37.88,20.108333333333334,canakkale,TR170141
2023-04-25,47.31,16.029166666666665,canakkale,TR170141
2023-04-26,42.21,11.558333333333332,canakkale,TR170141
2023-04-27,30.4,8.854166666666666,canakkale,TR170141
2023-04-28,35.94,14.225,canakkale,TR170141
2023-04-29,34.65,16.008333333333333,canakkale,TR170141
2023-04-30,35.76,17.104166666666668,canakkale,TR170141
2023-05-01,42.97,17.695833333333333,canakkale,TR170141
2023-05-02,52.84,18.287499999999998,canakkale,TR170141
2023-05-03,44.96,15.1,canakkale,TR170141
2023-05-04,39.66,19.329166666666666,canakkale,TR170141
2023-05-05,38.82,14.354166666666666,canakkale,TR170141
2023-05-06,43.39,13.012500000000001,canakkale,TR170141
2023-05-07,52.42,18.641666666666666,canakkale,TR170141
2023-05-08,53.06,15.716666666666667,canakkale,TR170141
2023-05-09,53.98,16.275000000000002,canakkale,TR170141
2023-05-10,39.29,11.170833333333334,canakkale,TR170141
2023-05-11,44.7,12.616666666666667,canakkale,TR170141
2023-05-12,42.28,13.325000000000001,canakkale,TR170141
2023-05-13,46.02,14.075000000000001,canakkale,TR170141
2023-05-14,55.62,18.204166666666666,canakkale,TR170141
2023-05-15,63.13,24.895833333333332,canakkale,TR170141
2023-05-16,89.48,33.99166666666667,canakkale,TR170141
2023-05-17,74.02,22.691666666666666,canakkale,TR170141
2023-05-18,55.52,12.166666666666666,canakkale,TR170141
2023-05-19,44.4,15.5,canakkale,TR170141
2023-05-20,49.45,16.529166666666665,canakkale,TR170141
2023-05-21,50.49,20.466666666666665,canakkale,TR170141
2023-05-22,48.11,16.741666666666667,canakkale,TR170141
2023-05-23,38.86,13.004166666666668,canakkale,TR170141
2023-05-24,39.36,16.058333333333334,canakkale,TR170141
2023-05-25,42.9,16.633333333333333,canakkale,TR170141
2023-05-26,45.32,18.720833333333335,canakkale,TR170141
2023-05-27,44.03,21.5625,canakkale,TR170141
2023-05-28,37.54,14.820833333333333,canakkale,TR170141
2023-05-29,36.91,14.308333333333332,canakkale,TR170141
2023-05-30,41.54,19.9375,canakkale,TR170141
2023-05-31,47.31,21.075,canakkale,TR170141
2023-06-01,55.61,16.958333333333332,canakkale,TR170141
2023-06-02,67.38,22.245833333333334,canakkale,TR170141
2023-06-03,60.22,15.379166666666668,canakkale,TR170141
2023-06-04,54.17,14.700000000000001,canakkale,TR170141
2023-06-05,57.54,14.762500000000001,canakkale,TR170141
2023-06-06,68.67,17.879166666666666,canakkale,TR170141
2023-06-07,62.78,21.0125,canakkale,TR170141
2023-06-08,62.19,20.845833333333335,canakkale,TR170141
2023-06-09,51.78,16.070833333333333,canakkale,TR170141
2023-06-10,44.9,15.237499999999999,canakkale,TR170141
2023-06-11,52.07,16.375,canakkale,TR170141
2023-06-12,52.15,15.133333333333333,canakkale,TR170141
2023-06-13,44.37,13.929166666666667,canakkale,TR170141
2023-06-14,33.91,13.316666666666668,canakkale,TR170141
2023-06-15,52.58,16.854166666666668,canakkale,TR170141
2023-06-16,57.8,18.224999999999998,canakkale,TR170141
2023-06-18,38.49,17.370833333333334,canakkale,TR170141
2023-06-19,39.91,16.258333333333333,canakkale,TR170141
2023-06-20,46.28,16.341666666666665,canakkale,TR170141
2023-06-21,33.44,14.420833333333334,canakkale,TR170141
2023-06-22,44.24,17.2,canakkale,TR170141
2023-06-23,47.85,18.5625,canakkale,TR170141
2023-06-24,25.41,18.291666666666668,canakkale,TR170141
2023-06-25,24.12,12.720833333333333,canakkale,TR170141
2023-06-26,19.12,14.179166666666667,canakkale,TR170141
2023-06-27,16.48,11.0875,canakkale,TR170141
2023-06-28,15.38,11.108333333333334,canakkale,TR170141
2023-06-29,15.63,13.254166666666668,canakkale,TR170141
2023-06-30,14.15,11.670833333333334,canakkale,TR170141
2023-07-01,16.93,15.633333333333333,canakkale,TR170141
2023-07-02,20.89,18.670833333333334,canakkale,TR170141
2023-07-03,27.0,22.879166666666666,canakkale,TR170141
2023-07-04,28.93,19.675,canakkale,TR170141
2023-07-05,27.29,19.066666666666666,canakkale,TR170141
2023-07-06,28.1,18.795833333333334,canakkale,TR170141
2023-07-07,29.65,17.775000000000002,canakkale,TR170141
2023-07-09,19.24,12.154166666666667,canakkale,TR170141
2023-07-10,20.91,13.870833333333332,canakkale,TR170141
2023-07-11,24.13,19.691666666666666,canakkale,TR170141
2023-07-12,24.65,24.6375,canakkale,TR170141
2023-07-13,36.02,25.983333333333334,canakkale,TR170141
2023-07-14,34.89,30.7625,canakkale,TR170141
2023-07-15,37.43,26.175,canakkale,TR170141
2023-07-16,22.54,11.108333333333334,canakkale,TR170141
2023-07-17,32.85,12.254166666666668,canakkale,TR170141
2023-07-18,26.43,10.916666666666666,canakkale,TR170141
2023-07-19,24.63,12.641666666666666,canakkale,TR170141
2023-07-20,26.86,16.287499999999998,canakkale,TR170141
2023-07-21,32.42,21.537499999999998,canakkale,TR170141
2023-07-22,33.85,27.90833333333333,canakkale,TR170141
2023-07-23,35.36,28.166666666666668,canakkale,TR170141
2023-07-24,27.24,12.595833333333333,canakkale,TR170141
2023-07-25,26.86,15.829166666666666,canakkale,TR170141
2023-07-26,37.7,36.670833333333334,canakkale,TR170141
2023-07-27,39.23,21.412499999999998,canakkale,TR170141
2023-07-28,17.59,10.170833333333333,canakkale,TR170141
2023-07-29,19.85,10.1625,canakkale,TR170141
2023-07-30,21.07,7.970833333333334,canakkale,TR170141
2023-07-31,19.39,9.004166666666666,canakkale,TR170141
2023-08-01,19.02,10.845833333333333,canakkale,TR170141
2023-08-02,22.72,12.6,canakkale,TR170141
2023-08-03,28.1,18.041666666666668,canakkale,TR170141
2023-08-05,36.55,21.741666666666664,canakkale,TR170141
2023-08-06,33.39,12.095833333333333,canakkale,TR170141
2023-08-07,20.95,11.604166666666666,canakkale,TR170141
2023-08-08,24.76,14.779166666666667,canakkale,TR170141
2023-08-09,18.42,8.85,canakkale,TR170141
2023-08-10,13.89,10.6625,canakkale,TR170141
2023-08-11,17.62,9.3,canakkale,TR170141
2023-08-12,30.52,10.270833333333334,canakkale,TR170141
2023-08-13,19.59,14.016666666666666,canakkale,TR170141
2023-08-14,21.26,21.65833333333333,canakkale,TR170141
2023-08-16,30.15,26.45,canakkale,TR170141
2023-08-17,26.06,22.070833333333336,canakkale,TR170141
2023-08-18,36.55,20.916666666666668,canakkale,TR170141
2023-08-19,31.45,16.941666666666666,canakkale,TR170141
2023-08-20,28.6,17.495833333333334,canakkale,TR170141
2023-08-21,28.17,19.316666666666666,canakkale,TR170141
2023-08-22,32.19,21.041666666666668,canakkale,TR170141
2023-08-23,30.78,22.15416666666667,canakkale,TR170141
2023-08-24,28.62,17.2375,canakkale,TR170141
2023-08-25,26.02,15.583333333333334,canakkale,TR170141
2023-08-26,24.58,14.2125,canakkale,TR170141
2023-08-29,27.07,17.908333333333335,canakkale,TR170141
2023-08-30,32.11,19.291666666666668,canakkale,TR170141
2023-08-31,28.04,11.991666666666667,canakkale,TR170141
2023-09-01,29.62,14.5,canakkale,TR170141
2023-09-02,25.49,11.991666666666667,canakkale,TR170141
2023-09-03,23.83,11.924999999999999,canakkale,TR170141
2023-09-04,26.69,12.9625,canakkale,TR170141
2023-09-05,30.49,12.983333333333334,canakkale,TR170141
2023-09-06,26.22,16.1125,canakkale,TR170141
2023-09-07,30.05,18.616666666666667,canakkale,TR170141
2023-09-08,30.09,15.6,canakkale,TR170141
2023-09-09,26.69,12.920833333333334,canakkale,TR170141
2023-09-10,27.28,11.862499999999999,canakkale,TR170141
2023-09-11,23.28,9.1,canakkale,TR170141
2023-09-12,19.85,11.570833333333333,canakkale,TR170141
2023-09-13,21.37,15.1875,canakkale,TR170141
2023-09-14,22.77,15.450000000000001,canakkale,TR170141
2023-09-15,25.1,16.654166666666665,canakkale,TR170141
2023-09-16,25.16,16.741666666666667,canakkale,TR170141
2023-09-18,22.97,12.25,canakkale,TR170141
2023-09-19,26.13,13.541666666666666,canakkale,TR170141
2023-09-20,23.03,13.608333333333334,canakkale,TR170141
2023-09-21,23.83,14.0875,canakkale,TR170141
2023-09-23,35.3,39.074999999999996,canakkale,TR170141
2023-09-24,37.69,32.96666666666667,canakkale,TR170141
2023-09-25,33.35,20.495833333333334,canakkale,TR170141
2023-09-26,44.44,26.704166666666666,canakkale,TR170141
2023-09-29,32.17,26.825,canakkale,TR170141
2023-09-30,29.72,26.816666666666666,canakkale,TR170141
2023-10-01,29.58,19.470833333333335,canakkale,TR170141
2023-10-02,28.8,15.770833333333334,canakkale,TR170141
2023-10-03,22.19,10.983333333333334,canakkale,TR170141
2023-10-04,22.51,13.891666666666666,canakkale,TR170141
2023-10-05,25.31,12.854166666666666,canakkale,TR170141
2023-10-06,23.87,10.691666666666668,canakkale,TR170141
2023-10-07,25.31,14.208333333333334,canakkale,TR170141
2023-10-08,21.34,16.175,canakkale,TR170141
2023-10-09,27.55,15.629166666666668,canakkale,TR170141
2023-10-10,25.89,18.345833333333335,canakkale,TR170141
2023-10-11,18.5,9.674999999999999,canakkale,TR170141
2023-10-12,17.57,14.008333333333333,canakkale,TR170141
2023-10-13,18.49,14.883333333333333,canakkale,TR170141
2023-10-14,23.39,23.733333333333334,canakkale,TR170141
2023-10-15,29.58,23.979166666666668,canakkale,TR170141
2023-10-17,12.81,12.591666666666667,canakkale,TR170141
2023-10-18,13.21,9.645833333333334,canakkale,TR170141
2023-10-19,12.7,13.075000000000001,canakkale,TR170141
2023-10-20,15.57,12.887500000000001,canakkale,TR170141
2023-10-21,20.43,19.316666666666666,canakkale,TR170141
2023-10-22,25.37,23.958333333333332,canakkale,TR170141
2023-10-23,26.75,25.758333333333336,canakkale,TR170141
2023-10-24,26.86,43.43333333333334,canakkale,TR170141
2023-10-25,28.07,39.06666666666667,canakkale,TR170141
2023-10-26,36.55,33.358333333333334,canakkale,TR170141
2023-10-27,40.94,29.9375,canakkale,TR170141
2023-10-28,36.61,12.079166666666666,canakkale,TR170141
2023-10-29,23.42,16.320833333333333,canakkale,TR170141
2023-11-01,35.48,15.495833333333335,canakkale,TR170141
2023-11-02,28.44,8.358333333333333,canakkale,TR170141
2023-11-03,25.57,18.108333333333334,canakkale,TR170141
2023-11-04,69.65,30.691666666666666,canakkale,TR170141
2023-11-05,35.91,11.495833333333332,canakkale,TR170141
2023-11-06,32.67,14.170833333333334,canakkale,TR170141
2023-11-07,46.21,21.483333333333334,canakkale,TR170141
2023-11-08,42.45,22.84583333333333,canakkale,TR170141
2023-11-09,21.06,9.083333333333334,canakkale,TR170141
2023-11-10,18.14,12.308333333333332,canakkale,TR170141
2023-11-13,17.8,5.175,canakkale,TR170141
2023-11-14,15.74,9.654166666666667,canakkale,TR170141
2023-11-15,23.13,9.325000000000001,canakkale,TR170141
2023-11-16,15.63,6.6125,canakkale,TR170141
2023-11-17,12.48,8.458333333333334,canakkale,TR170141
2023-11-18,15.47,6.091666666666666,canakkale,TR170141
2023-11-19,10.14,5.658333333333334,canakkale,TR170141
2023-11-20,15.61,9.275,canakkale,TR170141
2023-11-21,19.79,9.825000000000001,canakkale,TR170141
2023-11-22,20.83,5.266666666666667,canakkale,TR170141
2023-11-23,17.28,8.887500000000001,canakkale,TR170141
2023-11-24,24.01,9.745833333333334,canakkale,TR170141
2023-11-25,29.14,12.054166666666667,canakkale,TR170141
2023-11-26,15.38,5.641666666666667,canakkale,TR170141
2023-11-29,43.7,18.245833333333334,canakkale,TR170141
2023-11-30,17.55,8.195833333333333,canakkale,TR170141
2023-12-01,18.78,10.254166666666666,canakkale,TR170141
2023-12-02,19.73,12.929166666666667,canakkale,TR170141
2023-12-03,20.31,22.8,canakkale,TR170141
2023-12-05,14.07,14.716666666666667,canakkale,TR170141
2023-12-06,23.22,14.345833333333333,canakkale,TR170141
2023-12-07,31.94,9.783333333333333,canakkale,TR170141
2023-12-08,21.52,5.391666666666667,canakkale,TR170141
2023-12-09,29.75,7.441666666666666,canakkale,TR170141
2023-12-10,30.72,10.033333333333333,canakkale,TR170141
2023-12-11,45.66,16.98333333333333,canakkale,TR170141
2023-12-12,54.62,14.691666666666668,canakkale,TR170141
2023-12-13,42.22,12.245833333333332,canakkale,TR170141
2023-12-14,43.3,17.0,canakkale,TR170141
2023-12-16,19.32,3.4916666666666667,canakkale,TR170141
2023-12-17,20.51,8.15,canakkale,TR170141
2023-12-18,28.62,11.5,canakkale,TR170141
2023-12-19,39.53,16.841666666666665,canakkale,TR170141
2023-12-20,38.8,12.9625,canakkale,TR170141
2023-12-21,30.5,8.5625,canakkale,TR170141
2023-12-22,31.67,10.808333333333332,canakkale,TR170141
2023-12-23,28.57,10.195833333333333,canakkale,TR170141
2023-12-24,27.79,10.829166666666666,canakkale,TR170141
2023-12-26,35.49,12.633333333333333,canakkale,TR170141
2023-12-27,43.54,11.166666666666666,canakkale,TR170141
2023-12-28,43.87,18.791666666666668,canakkale,TR170141
2023-12-29,43.64,18.216666666666665,canakkale,TR170141
2023-12-30,46.63,13.4,canakkale,TR170141
2023-12-31,48.01,11.033333333333333,canakkale,TR170141
2024-01-01,41.42,9.279166666666667,canakkale,TR170141
2024-01-02,27.09,8.095833333333333,canakkale,TR170141
2024-01-03,34.09,9.808333333333334,canakkale,TR170141
2024-01-04,24.46,8.6875,canakkale,TR170141
2024-01-05,30.9,11.258333333333333,canakkale,TR170141
2024-01-06,43.59,12.525,canakkale,TR170141
2024-01-07,79.33,15.204166666666666,canakkale,TR170141
2024-01-26,34.36,7.5249999999999995,canakkale,TR170141
2024-01-28,14.98,6.020833333333333,canakkale,TR170141
2024-01-29,13.92,7.995833333333334,canakkale,TR170141
2024-01-30,15.45,6.558333333333334,canakkale,TR170141
2024-01-31,13.13,7.55,canakkale,TR170141
2024-02-01,24.7,10.137500000000001,canakkale,TR170141
2024-02-02,27.16,14.541666666666666,canakkale,TR170141
2024-02-03,39.08,12.504166666666668,canakkale,TR170141
2024-02-04,31.96,12.9375,canakkale,TR170141
2024-02-05,67.09,11.862499999999999,canakkale,TR170141
2024-02-06,27.17,14.529166666666667,canakkale,TR170141
2024-02-07,27.34,15.75,canakkale,TR170141
2024-02-08,32.18,13.579166666666666,canakkale,TR170141
2024-02-09,21.01,9.7875,canakkale,TR170141
2024-02-10,28.69,14.0875,canakkale,TR170141
2024-02-11,41.77,13.475,canakkale,TR170141
2024-02-12,37.8,11.35,canakkale,TR170141
2024-02-13,21.28,8.2875,canakkale,TR170141
2024-02-14,21.57,8.333333333333334,canakkale,TR170141
2024-02-15,14.05,5.9875,canakkale,TR170141
2024-02-16,15.87,7.754166666666666,canakkale,TR170141
2024-02-17,17.22,10.666666666666666,canakkale,TR170141
2024-02-18,20.1,13.329166666666666,canakkale,TR170141
2024-02-19,27.95,13.3125,canakkale,TR170141
2024-02-20,26.54,12.549999999999999,canakkale,TR170141
2024-02-21,33.82,14.179166666666667,canakkale,TR170141
2024-02-22,28.38,13.008333333333333,canakkale,TR170141
2024-02-23,25.55,10.770833333333334,canakkale,TR170141
2024-02-24,22.67,12.229166666666666,canakkale,TR170141
2024-02-25,29.49,17.495833333333334,canakkale,TR170141
2024-02-26,53.31,17.558333333333334,canakkale,TR170141
2024-02-27,49.51,27.3875,canakkale,TR170141
2024-02-28,66.93,28.645833333333332,canakkale,TR170141
2024-02-29,58.21,29.2625,canakkale,TR170141
2024-03-01,80.59,31.804166666666664,canakkale,TR170141
2024-03-02,59.92,18.208333333333332,canakkale,TR170141
2024-03-03,38.42,16.270833333333332,canakkale,TR170141
2024-03-04,46.43,18.2,canakkale,TR170141
2024-03-05,46.11,10.3125,canakkale,TR170141
2024-03-06,27.56,11.495833333333332,canakkale,TR170141
2024-03-07,35.75,14.341666666666667,canakkale,TR170141
2024-03-08,25.16,9.725,canakkale,TR170141
2024-03-09,24.45,13.554166666666667,canakkale,TR170141
2024-03-10,22.81,13.6625,canakkale,TR170141
2024-03-11,25.19,12.908333333333333,canakkale,TR170141
2024-03-12,44.87,11.995833333333332,canakkale,TR170141
2024-03-13,15.47,7.2625,canakkale,TR170141
2024-03-14,18.74,9.424999999999999,canakkale,TR170141
2024-03-15,12.94,9.770833333333334,canakkale,TR170141
2024-03-16,23.58,15.054166666666667,canakkale,TR170141
2024-03-17,33.42,15.379166666666668,canakkale,TR170141
2024-03-18,27.24,15.658333333333333,canakkale,TR170141
2024-03-19,27.67,13.833333333333334,canakkale,TR170141
2024-03-20,17.47,6.9624999999999995,canakkale,TR170141
2024-03-21,20.86,11.679166666666667,canakkale,TR170141
2024-03-22,20.13,8.225,canakkale,TR170141
2024-03-24,21.38,12.325000000000001,canakkale,TR170141
2024-03-25,18.36,11.25,canakkale,TR170141
2024-03-26,24.22,7.329166666666667,canakkale,TR170141
2024-03-27,33.86,34.30833333333333,canakkale,TR170141
2024-03-28,43.89,40.949999999999996,canakkale,TR170141
2024-03-29,56.53,42.770833333333336,canakkale,TR170141
2024-03-30,65.95,46.7125,canakkale,TR170141
2024-03-31,60.94,57.104166666666664,canakkale,TR170141
2024-04-01,55.48,54.60833333333333,canakkale,TR170141
2024-04-02,73.24,59.875,canakkale,TR170141
2024-04-03,57.63,23.375,canakkale,TR170141
2024-04-04,31.31,13.0,canakkale,TR170141
2024-04-05,26.0,10.141666666666667,canakkale,TR170141
2024-04-06,27.42,9.3125,canakkale,TR170141
2024-04-07,27.63,7.404166666666666,canakkale,TR170141
2024-04-08,22.56,8.512500000000001,canakkale,TR170141
2024-04-09,25.92,11.366666666666667,canakkale,TR170141
2024-04-10,25.91,10.9125,canakkale,TR170141
2024-04-11,31.97,15.291666666666666,canakkale,TR170141
2024-04-12,48.89,24.412499999999998,canakkale,TR170141
2024-04-13,41.74,18.095833333333335,canakkale,TR170141
2024-04-14,29.13,11.291666666666666,canakkale,TR170141
2024-04-15,31.98,11.704166666666666,canakkale,TR170141
2024-04-16,25.19,10.475,canakkale,TR170141
2024-04-17,33.55,20.75,canakkale,TR170141
2024-04-18,32.7,16.087500000000002,canakkale,TR170141
2024-04-19,21.21,8.299999999999999,canakkale,TR170141
2024-04-20,12.48,3.3333333333333335,canakkale,TR170141
2024-04-21,17.76,7.95,canakkale,TR170141
2024-04-22,16.8,11.65,canakkale,TR170141
2024-04-23,34.54,30.125,canakkale,TR170141
2024-04-24,76.48,80.53333333333333,canakkale,TR170141
2024-04-25,200.11,50.2875,canakkale,TR170141
2024-04-26,27.24,9.183333333333334,canakkale,TR170141
2024-04-27,43.06,13.299999999999999,canakkale,TR170141
2024-04-28,20.56,9.558333333333334,canakkale,TR170141
2024-04-29,27.98,8.1625,canakkale,TR170141
2024-04-30,18.62,8.679166666666667,canakkale,TR170141
2024-05-01,18.17,12.141666666666666,canakkale,TR170141
2024-05-02,18.6,17.075,canakkale,TR170141
2024-05-03,20.67,14.575000000000001,canakkale,TR170141
2024-05-04,12.98,4.9875,canakkale,TR170141
2024-05-05,20.17,7.512499999999999,canakkale,TR170141
2024-05-06,23.45,7.679166666666667,canakkale,TR170141
2024-05-07,23.4,10.545833333333333,canakkale,TR170141
2024-05-08,27.6,13.920833333333334,canakkale,TR170141
2024-05-09,32.31,17.995833333333334,canakkale,TR170141
2024-05-10,28.09,10.450000000000001,canakkale,TR170141
2024-05-11,25.58,9.174999999999999,canakkale,TR170141
2024-05-12,25.71,9.141666666666667,canakkale,TR170141
2024-05-13,21.03,7.470833333333334,canakkale,TR170141
2024-05-14,19.35,6.820833333333333,canakkale,TR170141
2024-05-15,26.75,9.1625,canakkale,TR170141
2024-05-16,22.62,11.35,canakkale,TR170141
2024-05-17,33.27,24.375,canakkale,TR170141
2024-05-18,35.0,40.975,canakkale,TR170141
2024-05-19,38.94,37.862500000000004,canakkale,TR170141
2024-05-20,26.15,20.116666666666667,canakkale,TR170141
2024-05-21,29.72,20.720833333333335,canakkale,TR170141
2024-05-22,42.55,36.358333333333334,canakkale,TR170141
2024-05-23,33.89,23.133333333333336,canakkale,TR170141
2024-05-24,16.6,10.379166666666666,canakkale,TR170141
2024-05-25,30.71,12.112499999999999,canakkale,TR170141
2024-05-26,41.96,10.9375,canakkale,TR170141
2024-05-27,30.49,8.975,canakkale,TR170141
2024-05-28,23.54,27.241666666666664,canakkale,TR170141
2024-05-30,21.45,12.204166666666666,canakkale,TR170141
2024-05-31,22.82,12.704166666666666,canakkale,TR170141
2024-06-01,24.63,17.075,canakkale,TR170141
2024-06-02,34.79,25.2625,canakkale,TR170141
2024-06-03,40.53,21.566666666666666,canakkale,TR170141
2024-06-04,45.66,31.71666666666667,canakkale,TR170141
2024-06-05,49.46,34.954166666666666,canakkale,TR170141
2024-06-06,47.79,37.016666666666666,canakkale,TR170141
2024-06-07,38.32,26.070833333333336,canakkale,TR170141
2024-06-08,24.42,11.0,canakkale,TR170141
2024-06-09,25.73,11.083333333333334,canakkale,TR170141
2024-06-10,32.54,11.933333333333332,canakkale,TR170141
2024-06-11,33.73,19.95,canakkale,TR170141
2024-06-12,50.63,34.35,canakkale,TR170141
2024-06-13,55.7,62.65,canakkale,TR170141
2024-06-14,44.83,41.608333333333334,canakkale,TR170141
2024-06-15,15.12,5.8374999999999995,canakkale,TR170141
2024-06-16,17.38,7.824999999999999,canakkale,TR170141
2024-06-17,20.32,7.920833333333333,canakkale,TR170141
2024-06-19,22.86,9.137500000000001,canakkale,TR170141
2024-06-20,21.17,8.716666666666667,canakkale,TR170141
2024-06-21,34.21,10.625,canakkale,TR170141
2024-06-22,25.36,9.825000000000001,canakkale,TR170141
2024-06-23,27.47,13.0375,canakkale,TR170141
2024-06-24,17.83,13.454166666666666,canakkale,TR170141
2024-06-25,19.12,14.5375,canakkale,TR170141
2024-06-26,16.96,7.970833333333334,canakkale,TR170141
2024-06-27,14.51,12.116666666666667,canakkale,TR170141
2024-06-28,14.5,12.766666666666666,canakkale,TR170141
2024-06-29,13.88,11.133333333333333,canakkale,TR170141
2024-06-30,10.48,10.2875,canakkale,TR170141
2024-07-01,13.62,9.55,canakkale,TR170141
2024-07-02,14.58,12.85,canakkale,TR170141
2024-07-03,17.27,19.412499999999998,canakkale,TR170141
2024-07-04,12.76,14.154166666666667,canakkale,TR170141
2024-07-05,17.46,9.200000000000001,canakkale,TR170141
2024-07-06,18.91,7.920833333333333,canakkale,TR170141
2024-07-07,18.18,14.254166666666668,canakkale,TR170141
2024-07-08,46.53,16.82916666666667,canakkale,TR170141
2024-07-09,43.61,16.583333333333332,canakkale,TR170141
2024-10-02,26.12,8.133333333333333,canakkale,TR170141
2024-10-03,50.67,11.950000000000001,canakkale,TR170141
2024-10-04,40.36,12.8375,canakkale,TR170141
2024-10-05,35.98,17.325,canakkale,TR170141
2024-10-06,23.79,10.866666666666667,canakkale,TR170141
2024-10-07,23.77,9.858333333333333,canakkale,TR170141
2024-10-08,30.28,14.308333333333332,canakkale,TR170141
2024-10-09,23.61,11.504166666666668,canakkale,TR170141
2024-10-10,23.11,15.025,canakkale,TR170141
2024-10-11,32.86,23.245833333333334,canakkale,TR170141
2024-10-12,41.9,14.7125,canakkale,TR170141
2024-10-13,24.07,6.570833333333333,canakkale,TR170141
2024-10-14,27.44,9.508333333333333,canakkale,TR170141
2024-10-15,27.43,9.991666666666667,canakkale,TR170141
2024-10-16,30.76,9.0125,canakkale,TR170141
2024-10-17,24.55,5.641666666666667,canakkale,TR170141
2024-10-18,22.26,5.929166666666667,canakkale,TR170141
2024-10-19,22.79,6.645833333333333,canakkale,TR170141
2024-10-20,21.45,8.016666666666667,canakkale,TR170141
2024-10-21,21.95,6.958333333333333,canakkale,TR170141
2024-10-22,26.96,10.316666666666666,canakkale,TR170141
2024-10-23,32.36,13.1875,canakkale,TR170141
2024-10-24,30.26,12.091666666666667,canakkale,TR170141
2024-10-25,26.4,9.450000000000001,canakkale,TR170141
2024-10-26,26.27,9.941666666666666,canakkale,TR170141
2024-10-27,32.7,14.808333333333332,canakkale,TR170141
2024-10-28,33.23,11.479166666666666,canakkale,TR170141
2024-10-29,37.96,17.095833333333335,canakkale,TR170141
2024-10-30,41.96,11.208333333333334,canakkale,TR170141
2024-10-31,29.01,7.808333333333334,canakkale,TR170141
2024-11-01,26.44,11.929166666666667,canakkale,TR170141
2024-11-02,35.6,17.837500000000002,canakkale,TR170141
2024-11-03,32.78,9.3125,canakkale,TR170141
2024-11-04,26.34,5.8625,canakkale,TR170141
2024-11-05,37.04,7.7250000000000005,canakkale,TR170141
2024-11-06,22.38,7.033333333333334,canakkale,TR170141
2024-11-07,20.13,9.254166666666666,canakkale,TR170141
2024-11-08,20.98,9.9625,canakkale,TR170141
2024-11-09,26.56,11.616666666666667,canakkale,TR170141
2024-11-10,20.03,8.004166666666666,canakkale,TR170141
2024-11-11,21.37,9.433333333333334,canakkale,TR170141
2024-11-12,43.97,18.958333333333332,canakkale,TR170141
2024-11-13,32.82,21.599999999999998,canakkale,TR170141
2024-11-14,20.67,15.454166666666666,canakkale,TR170141
2024-11-15,17.0,9.279166666666667,canakkale,TR170141
2024-11-16,17.53,7.495833333333334,canakkale,TR170141
2024-11-17,19.01,6.679166666666667,canakkale,TR170141
2024-11-18,38.93,11.2875,canakkale,TR170141
2024-11-19,35.53,11.841666666666667,canakkale,TR170141
2024-11-20,35.03,11.183333333333332,canakkale,TR170141
2024-11-21,41.67,11.674999999999999,canakkale,TR170141
2024-11-22,22.69,7.970833333333334,canakkale,TR170141
2024-11-23,35.13,6.6499999999999995,canakkale,TR170141
2024-11-24,16.04,6.4750000000000005,canakkale,TR170141
2024-11-26,32.93,8.995833333333334,canakkale,TR170141
2024-11-27,34.2,11.125,canakkale,TR170141
2024-11-28,44.95,24.608333333333334,canakkale,TR170141
2024-11-29,43.94,23.008333333333336,canakkale,TR170141
2024-11-30,46.7,12.700000000000001,canakkale,TR170141
2024-12-01,28.93,16.64166666666667,canakkale,TR170141
2024-12-02,22.63,15.520833333333334,canakkale,TR170141
2024-12-03,13.01,6.825,canakkale,TR170141
2024-12-04,17.01,7.404166666666666,canakkale,TR170141
2024-12-05,16.87,11.583333333333334,canakkale,TR170141
2024-12-06,45.45,13.833333333333334,canakkale,TR170141
2024-12-07,34.96,8.204166666666667,canakkale,TR170141
2024-12-08,23.62,5.908333333333334,canakkale,TR170141
2024-12-09,28.32,10.120833333333334,canakkale,TR170141
2024-12-10,50.52,22.645833333333332,canakkale,TR170141
2024-12-11,28.11,8.941666666666666,canakkale,TR170141
2024-12-12,28.09,12.541666666666666,canakkale,TR170141
2024-12-13,29.94,12.470833333333333,canakkale,TR170141
2024-12-14,27.22,11.025,canakkale,TR170141
2024-12-15,32.29,7.766666666666667,canakkale,TR170141
2024-12-16,22.2,9.475,canakkale,TR170141
2024-12-17,21.03,9.450000000000001,canakkale,TR170141
2024-12-18,25.61,13.204166666666666,canakkale,TR170141
2024-12-19,39.64,13.516666666666666,canakkale,TR170141
2024-12-21,27.85,7.4750000000000005,canakkale,TR170141
2024-12-22,18.72,4.904166666666667,canakkale,TR170141
2024-12-23,18.04,5.358333333333333,canakkale,TR170141
2024-12-24,19.88,4.741666666666666,canakkale,TR170141
2024-12-25,19.36,8.375,canakkale,TR170141
2024-12-26,7.61,4.904166666666667,canakkale,TR170141
2024-12-27,9.5,6.154166666666666,canakkale,TR170141
2024-12-28,8.81,7.1499999999999995,canakkale,TR170141
2024-12-29,8.02,8.85,canakkale,TR170141
2024-12-30,24.62,10.741666666666667,canakkale,TR170141
2024-12-31,36.27,14.629166666666668,canakkale,TR170141
2025-01-01,42.91,22.21666666666667,canakkale,TR170141
2025-01-02,32.94,18.195833333333333,canakkale,TR170141
2025-01-03,26.62,9.845833333333333,canakkale,TR170141
2025-01-04,26.35,8.5375,canakkale,TR170141
2025-01-05,22.33,12.358333333333334,canakkale,TR170141
2025-01-06,29.71,12.283333333333333,canakkale,TR170141
2025-01-07,23.17,12.875,canakkale,TR170141
2025-01-08,25.69,8.012500000000001,canakkale,TR170141
2025-01-09,21.71,13.424999999999999,canakkale,TR170141
2025-01-10,27.74,15.879166666666668,canakkale,TR170141
2025-01-11,23.52,11.191666666666668,canakkale,TR170141
2025-01-12,11.2,6.7749999999999995,canakkale,TR170141
2025-01-13,7.96,3.779166666666667,canakkale,TR170141
2025-01-14,7.7,4.2375,canakkale,TR170141
2025-01-15,8.5,4.279166666666667,canakkale,TR170141
2025-01-16,19.24,10.479166666666666,canakkale,TR170141
2025-01-17,30.34,14.275,canakkale,TR170141
2025-01-18,38.4,12.137500000000001,canakkale,TR170141
2025-01-19,34.95,16.6875,canakkale,TR170141
2025-01-20,43.23,17.045833333333334,canakkale,TR170141
2025-01-21,57.34,17.5,canakkale,TR170141
2025-01-22,56.48,12.1625,canakkale,TR170141
2025-01-23,35.67,14.1875,canakkale,TR170141
2025-01-24,35.86,16.05,canakkale,TR170141
2025-02-08,23.86,7.8875,canakkale,TR170141
2025-02-09,18.72,7.2,canakkale,TR170141
2025-02-10,21.97,7.825,canakkale,TR170141
2025-02-11,28.29,9.495833333333334,canakkale,TR170141
2025-02-12,31.8,10.1,canakkale,TR170141
2025-02-13,37.04,12.450000000000001,canakkale,TR170141
2025-02-14,25.41,11.679166666666667,canakkale,TR170141
2025-02-15,13.74,6.658333333333334,canakkale,TR170141
2025-02-16,31.77,10.554166666666667,canakkale,TR170141
2025-02-17,16.89,8.041666666666666,canakkale,TR170141
2025-02-18,12.35,9.258333333333333,canakkale,TR170141
2025-02-19,12.78,7.208333333333333,canakkale,TR170141
2025-02-20,20.05,10.9,canakkale,TR170141
2025-02-21,17.61,9.637500000000001,canakkale,TR170141
2025-02-22,16.7,8.725,canakkale,TR170141
2025-02-23,15.93,10.629166666666666,canakkale,TR170141
2025-02-24,20.58,12.495833333333332,canakkale,TR170141
2025-02-25,28.9,9.4375,canakkale,TR170141
2025-02-26,26.06,12.108333333333334,canakkale,TR170141
2025-02-27,32.13,11.170833333333334,canakkale,TR170141
2025-02-28,48.4,11.704166666666666,canakkale,TR170141
2025-03-01,49.93,21.77916666666667,canakkale,TR170141
2025-03-02,42.24,20.8125,canakkale,TR170141
2025-03-03,18.4,8.2125,canakkale,TR170141
2025-03-04,23.72,9.091666666666667,canakkale,TR170141
2025-03-05,25.6,11.929166666666667,canakkale,TR170141
2025-03-06,36.05,14.520833333333334,canakkale,TR170141
2025-03-07,38.99,17.004166666666666,canakkale,TR170141
2025-03-08,40.1,17.954166666666666,canakkale,TR170141
2025-03-09,38.12,18.408333333333335,canakkale,TR170141
2025-03-10,43.79,25.912499999999998,canakkale,TR170141
2025-03-11,40.48,19.8875,canakkale,TR170141
2025-03-12,52.3,23.46666666666667,canakkale,TR170141
2025-03-13,54.46,22.520833333333332,canakkale,TR170141
2025-03-14,51.43,30.112499999999997,canakkale,TR170141
2025-03-15,57.01,32.637499999999996,canakkale,TR170141
2025-03-16,59.59,35.637499999999996,canakkale,TR170141
2025-03-17,56.0,21.425,canakkale,TR170141
2025-03-18,21.93,4.958333333333333,canakkale,TR170141
2025-03-19,26.41,6.804166666666667,canakkale,TR170141
2025-03-20,31.72,10.1,canakkale,TR170141
2025-03-21,31.83,9.104166666666666,canakkale,TR170141
2025-03-22,28.32,11.083333333333334,canakkale,TR170141
2025-03-23,37.19,11.012500000000001,canakkale,TR170141
2025-03-24,26.2,12.283333333333333,canakkale,TR170141
2025-03-25,27.11,12.5875,canakkale,TR170141
2025-03-26,39.3,22.054166666666664,canakkale,TR170141
2025-03-27,68.81,39.37916666666667,canakkale,TR170141
2025-03-28,59.11,21.075,canakkale,TR170141
2025-03-29,47.45,10.079166666666667,canakkale,TR170141
2025-03-30,43.15,7.454166666666667,canakkale,TR170141
2025-03-31,33.12,8.854166666666666,canakkale,TR170141
2025-04-12,30.55,7.920833333333333,canakkale,TR170141
2025-04-13,26.22,9.158333333333333,canakkale,TR170141
2025-04-14,33.93,10.341666666666667,canakkale,TR170141
2025-04-15,37.7,16.591666666666665,canakkale,TR170141
2025-04-16,50.85,20.541666666666668,canakkale,TR170141
2025-04-17,56.66,24.120833333333334,canakkale,TR170141
2025-04-18,55.75,24.566666666666666,canakkale,TR170141
2025-04-19,61.22,26.754166666666666,canakkale,TR170141
2025-04-20,57.3,17.6125,canakkale,TR170141
2025-04-21,53.87,21.483333333333334,canakkale,TR170141
2025-04-22,60.39,27.8,canakkale,TR170141
2025-04-23,53.72,21.195833333333333,canakkale,TR170141
2025-04-24,48.16,18.029166666666665,canakkale,TR170141
2025-04-25,47.46,21.795833333333334,canakkale,TR170141
2025-04-26,43.23,21.220833333333335,canakkale,TR170141
2025-04-27,48.18,12.770833333333334,canakkale,TR170141
2025-04-28,52.5,7.1625000000000005,canakkale,TR170141
2025-04-29,36.18,7.170833333333333,canakkale,TR170141
2025-04-30,34.02,9.958333333333334,canakkale,TR170141
2025-05-01,29.58,6.629166666666666,canakkale,TR170141
2025-05-02,31.9,8.495833333333334,canakkale,TR170141
2025-05-03,42.42,6.3500000000000005,canakkale,TR170141
2025-05-04,33.93,6.391666666666667,canakkale,TR170141
2025-05-05,37.94,10.195833333333333,canakkale,TR170141
2025-05-06,46.01,18.504166666666666,canakkale,TR170141
2025-05-07,49.52,28.579166666666666,canakkale,TR170141
2025-05-08,65.93,34.30833333333333,canakkale,TR170141
2025-05-09,66.5,27.84166666666667,canakkale,TR170141
2025-05-10,42.51,18.724999999999998,canakkale,TR170141
2025-05-11,24.92,8.125,canakkale,TR170141
2025-05-12,38.03,10.137500000000001,canakkale,TR170141
2025-05-13,42.03,8.758333333333333,canakkale,TR170141
2025-05-14,28.16,6.304166666666667,canakkale,TR170141
2025-05-15,25.92,6.541666666666667,canakkale,TR170141
2025-05-16,36.64,22.520833333333332,canakkale,TR170141
2025-05-17,72.41,14.6,canakkale,TR170141
2025-05-18,27.56,7.391666666666667,canakkale,TR170141
2025-05-19,23.91,6.445833333333333,canakkale,TR170141
2025-05-20,25.57,6.516666666666667,canakkale,TR170141
2025-05-21,35.91,8.558333333333334,canakkale,TR170141
2025-05-22,37.08,19.4875,canakkale,TR170141
2025-05-23,42.35,27.983333333333334,canakkale,TR170141
2025-05-24,48.76,38.4125,canakkale,TR170141
2025-05-25,63.87,39.46666666666667,canakkale,TR170141
2025-05-26,24.31,5.295833333333333,canakkale,TR170141
2025-05-27,22.58,6.604166666666667,canakkale,TR170141
2025-05-28,23.95,6.891666666666667,canakkale,TR170141
2025-06-13,33.84,11.637500000000001,canakkale,TR170141
2025-06-14,25.55,8.195833333333333,canakkale,TR170141
2025-06-15,22.5,5.729166666666667,canakkale,TR170141
2025-06-16,25.51,5.866666666666667,canakkale,TR170141
2025-06-17,30.75,7.3374999999999995,canakkale,TR170141
2025-06-18,41.26,9.366666666666665,canakkale,TR170141
2025-06-19,39.62,10.279166666666667,canakkale,TR170141
2025-06-20,41.73,12.241666666666667,canakkale,TR170141
2025-06-21,34.78,10.225,canakkale,TR170141
2025-06-22,23.32,5.166666666666667,canakkale,TR170141
2025-06-23,20.85,6.8500000000000005,canakkale,TR170141
2025-06-24,32.39,11.216666666666667,canakkale,TR170141
2025-06-25,48.34,12.137500000000001,canakkale,TR170141
2025-06-26,43.68,9.695833333333333,canakkale,TR170141
2025-06-27,43.15,9.35,canakkale,TR170141
2025-06-28,39.73,7.866666666666667,canakkale,TR170141
2025-06-29,27.72,5.1125,canakkale,TR170141
2025-06-30,23.83,6.4875,canakkale,TR170141
2025-07-01,32.8,9.254166666666666,canakkale,TR170141
2025-07-02,31.39,6.966666666666666,canakkale,TR170141
2025-07-03,28.58,5.120833333333334,canakkale,TR170141
2025-07-04,27.42,6.3,canakkale,TR170141
2025-07-05,35.36,8.029166666666667,canakkale,TR170141
2025-07-06,36.04,10.670833333333334,canakkale,TR170141
2025-07-07,34.35,11.766666666666666,canakkale,TR170141
2025-07-08,48.03,14.804166666666667,canakkale,TR170141
2025-07-09,37.47,11.9625,canakkale,TR170141
2025-07-10,35.33,5.108333333333333,canakkale,TR170141
2025-07-17,47.34,11.591666666666667,canakkale,TR170141
2025-07-18,41.43,18.175,canakkale,TR170141
2025-07-19,30.69,11.25,canakkale,TR170141
2025-07-20,27.71,8.133333333333333,canakkale,TR170141
2025-07-22,44.44,13.595833333333333,canakkale,TR170141
2025-07-23,56.36,16.166666666666668,canakkale,TR170141
2025-07-24,47.62,13.1875,canakkale,TR170141
2025-07-25,31.73,10.870833333333332,canakkale,TR170141
2025-07-26,36.53,8.670833333333333,canakkale,TR170141
2025-07-27,49.53,12.987499999999999,canakkale,TR170141
2025-07-28,48.55,17.795833333333334,canakkale,TR170141
2025-07-29,40.71,14.862499999999999,canakkale,TR170141
2025-07-30,41.26,13.9,canakkale,TR170141
2025-07-31,26.38,11.0,canakkale,TR170141
2025-08-01,25.91,6.858333333333333,canakkale,TR170141
2025-08-02,25.04,9.170833333333333,canakkale,TR170141
2025-08-03,27.92,11.145833333333334,canakkale,TR170141
2025-08-04,31.26,13.816666666666668,canakkale,TR170141
2025-08-05,35.08,15.883333333333333,canakkale,TR170141
2025-08-06,32.63,14.129166666666668,canakkale,TR170141
2025-08-07,36.5,11.4625,canakkale,TR170141
2025-08-08,40.63,13.5375,canakkale,TR170141
2025-08-09,26.25,10.945833333333333,canakkale,TR170141
2025-08-10,36.21,11.8125,canakkale,TR170141
2025-08-11,36.38,9.458333333333334,canakkale,TR170141
2025-08-12,38.96,10.245833333333334,canakkale,TR170141
2025-08-13,35.5,13.2125,canakkale,TR170141
2025-08-14,33.54,12.779166666666667,canakkale,TR170141
2025-08-15,48.5,12.049999999999999,canakkale,TR170141
2025-08-16,35.25,10.358333333333333,canakkale,TR170141
2025-08-17,20.5,11.4375,canakkale,TR170141
2025-08-18,25.08,11.654166666666667,canakkale,TR170141
2025-08-19,29.04,11.841666666666667,canakkale,TR170141
2025-08-21,25.13,10.120833333333334,canakkale,TR170141
2025-08-22,27.0,12.945833333333333,canakkale,TR170141
2025-08-23,31.33,14.0625,canakkale,TR170141
2025-08-24,21.79,8.383333333333333,canakkale,TR170141
2025-08-25,31.25,9.120833333333334,canakkale,TR170141
2025-08-26,23.67,6.083333333333333,canakkale,TR170141
2025-08-27,25.04,6.4375,canakkale,TR170141
2025-08-28,23.29,9.558333333333334,canakkale,TR170141
2025-08-29,30.63,16.841666666666665,canakkale,TR170141
2025-08-30,36.96,17.158333333333335,canakkale,TR170141
2025-08-31,31.33,16.791666666666668,canakkale,TR170141
2025-09-01,24.29,9.950000000000001,canakkale,TR170141
2025-09-02,23.3,11.108333333333334,canakkale,TR170141
2025-09-03,48.38,18.158333333333335,canakkale,TR170141
2025-09-04,40.42,16.795833333333334,canakkale,TR170141
2025-09-05,33.17,15.65,canakkale,TR170141
2025-09-06,23.46,13.525,canakkale,TR170141
2025-09-07,27.67,12.65,canakkale,TR170141
2025-09-08,28.21,10.991666666666667,canakkale,TR170141
2025-09-09,31.63,15.5625,canakkale,TR170141
2025-09-10,38.38,14.883333333333333,canakkale,TR170141
2025-09-11,40.71,17.75,canakkale,TR170141
2025-09-12,40.9,16.841666666666665,canakkale,TR170141
2025-09-13,21.79,9.15,canakkale,TR170141
2025-09-14,26.33,10.5,canakkale,TR170141
2025-09-15,19.54,8.558333333333334,canakkale,TR170141
2025-09-16,22.13,7.716666666666666,canakkale,TR170141
2025-09-17,33.04,8.141666666666667,canakkale,TR170141
2025-09-18,17.63,5.933333333333334,canakkale,TR170141
2025-09-19,21.74,5.566666666666666,canakkale,TR170141
2025-09-20,27.0,6.8500000000000005,canakkale,TR170141
2025-09-21,16.46,8.791666666666666,canakkale,TR170141
2025-09-22,24.75,13.299999999999999,canakkale,TR170141
2025-09-23,30.45,15.200000000000001,canakkale,TR170141
2025-09-24,32.88,15.966666666666667,canakkale,TR170141
2025-09-25,24.67,12.695833333333333,canakkale,TR170141
2025-09-26,33.95,10.845833333333333,canakkale,TR170141
2025-09-30,18.0,8.475,canakkale,TR170141
2025-10-01,20.42,10.554166666666667,canakkale,TR170141
2025-10-02,27.29,10.116666666666667,canakkale,TR170141
2025-10-03,20.21,5.383333333333333,canakkale,TR170141
2025-10-04,8.67,4.383333333333334,canakkale,TR170141
2025-10-05,12.08,5.991666666666667,canakkale,TR170141
2025-10-06,23.5,7.520833333333333,canakkale,TR170141
2025-10-07,7.88,3.2083333333333335,canakkale,TR170141
2025-10-08,6.63,2.8874999999999997,canakkale,TR170141
2025-10-09,8.0,3.9583333333333335,canakkale,TR170141
2025-10-10,14.5,6.441666666666666,canakkale,TR170141
2025-10-11,20.83,6.945833333333333,canakkale,TR170141
2025-10-12,11.29,6.058333333333334,canakkale,TR170141
2025-10-13,25.35,8.179166666666667,canakkale,TR170141
2025-10-14,27.33,12.416666666666666,canakkale,TR170141
2025-10-15,25.0,13.174999999999999,canakkale,TR170141
2023-01-01,88.04,30.933333333333334,balikesir,TR100241
2023-01-02,94.58,34.983333333333334,balikesir,TR100241
2023-01-03,76.89,38.204166666666666,balikesir,TR100241
2023-01-04,71.73,30.8,balikesir,TR100241
2023-01-05,53.37,33.52916666666667,balikesir,TR100241
2023-01-06,85.28,28.90416666666667,balikesir,TR100241
2023-01-07,68.49,25.116666666666664,balikesir,TR100241
2023-01-08,83.29,26.129166666666666,balikesir,TR100241
2023-01-09,78.35,27.395833333333332,balikesir,TR100241
2023-01-10,62.85,12.633333333333333,balikesir,TR100241
2023-01-11,15.14,7.6125,balikesir,TR100241
2023-01-12,31.24,12.995833333333332,balikesir,TR100241
2023-01-13,6.97,12.066666666666668,balikesir,TR100241
2023-01-14,32.31,19.641666666666666,balikesir,TR100241
2023-01-17,28.41,11.529166666666667,balikesir,TR100241
2023-01-18,24.27,13.674999999999999,balikesir,TR100241
2023-01-19,26.06,13.512500000000001,balikesir,TR100241
2023-01-20,32.82,11.112499999999999,balikesir,TR100241
2023-01-21,38.95,14.825000000000001,balikesir,TR100241
2023-01-22,53.31,20.4875,balikesir,TR100241
2023-01-23,49.88,26.8,balikesir,TR100241
2023-01-24,33.48,17.98333333333333,balikesir,TR100241
2023-01-25,19.1,13.520833333333334,balikesir,TR100241
2023-01-26,42.15,24.325,balikesir,TR100241
2023-01-27,27.63,14.0875,balikesir,TR100241
2023-01-28,17.76,11.683333333333332,balikesir,TR100241
2023-01-29,22.95,11.862499999999999,balikesir,TR100241
2023-01-30,17.52,13.583333333333334,balikesir,TR100241
2023-01-31,35.43,16.983333333333334,balikesir,TR100241
2023-02-01,29.07,16.2625,balikesir,TR100241
2023-02-08,22.37,11.854166666666666,balikesir,TR100241
2023-02-09,14.69,11.920833333333333,balikesir,TR100241
2023-02-10,26.23,11.683333333333332,balikesir,TR100241
2023-02-11,23.39,14.083333333333334,balikesir,TR100241
2023-02-12,44.45,22.229166666666668,balikesir,TR100241
2023-02-13,27.83,16.191666666666666,balikesir,TR100241
2023-02-14,57.62,21.295833333333334,balikesir,TR100241
2023-02-15,41.12,16.366666666666667,balikesir,TR100241
2023-02-16,56.51,17.133333333333333,balikesir,TR100241
2023-02-17,53.51,25.1375,balikesir,TR100241
2023-02-18,50.45,26.90833333333333,balikesir,TR100241
2023-02-19,34.51,20.770833333333332,balikesir,TR100241
2023-02-20,41.2,20.929166666666667,balikesir,TR100241
2023-02-21,42.5,22.579166666666666,balikesir,TR100241
2023-02-22,53.73,28.974999999999998,balikesir,TR100241
2023-02-23,74.94,33.891666666666666,balikesir,TR100241
2023-02-24,67.41,36.574999999999996,balikesir,TR100241
2023-02-25,60.91,27.745833333333334,balikesir,TR100241
2023-02-26,38.96,19.183333333333334,balikesir,TR100241
2023-02-27,49.03,23.4875,balikesir,TR100241
2023-02-28,63.72,31.695833333333336,balikesir,TR100241
2023-03-01,18.95,28.46666666666667,balikesir,TR100241
2023-03-02,23.14,22.420833333333334,balikesir,TR100241
2023-03-03,41.52,25.395833333333332,balikesir,TR100241
2023-05-10,25.27,9.9125,balikesir,TR100241
2023-05-11,27.99,12.770833333333334,balikesir,TR100241
2023-05-12,35.19,13.612499999999999,balikesir,TR100241
2023-05-13,39.85,17.283333333333335,balikesir,TR100241
2023-05-14,55.58,19.916666666666668,balikesir,TR100241
2023-05-15,70.18,26.933333333333334,balikesir,TR100241
2023-05-16,78.76,38.574999999999996,balikesir,TR100241
2023-05-17,53.86,19.220833333333335,balikesir,TR100241
2023-05-18,33.72,11.895833333333334,balikesir,TR100241
2023-05-19,36.45,15.525,balikesir,TR100241
2023-05-20,45.36,19.150000000000002,balikesir,TR100241
2023-05-21,53.52,22.212500000000002,balikesir,TR100241
2023-05-22,48.29,18.570833333333333,balikesir,TR100241
2023-05-23,31.96,14.5,balikesir,TR100241
2023-05-24,35.71,17.641666666666666,balikesir,TR100241
2023-05-25,52.05,23.1875,balikesir,TR100241
2023-05-26,52.04,25.90416666666667,balikesir,TR100241
2023-05-27,45.72,28.675,balikesir,TR100241
2023-05-28,40.2,16.616666666666667,balikesir,TR100241
2023-05-29,35.33,17.724999999999998,balikesir,TR100241
2023-05-30,38.2,21.933333333333334,balikesir,TR100241
2023-05-31,51.76,23.45,balikesir,TR100241
2023-06-01,56.6,20.354166666666668,balikesir,TR100241
2023-06-02,48.24,21.6375,balikesir,TR100241
2023-06-03,40.44,16.229166666666668,balikesir,TR100241
2023-06-04,31.56,13.4625,balikesir,TR100241
2023-06-05,38.6,14.833333333333334,balikesir,TR100241
2023-06-06,46.14,18.879166666666666,balikesir,TR100241
2023-06-07,46.05,20.445833333333333,balikesir,TR100241
2023-06-08,42.82,19.379166666666666,balikesir,TR100241
2023-06-09,36.82,21.045833333333334,balikesir,TR100241
2023-06-10,53.95,18.258333333333333,balikesir,TR100241
2023-06-11,63.86,18.683333333333334,balikesir,TR100241
2023-06-12,47.7,14.554166666666667,balikesir,TR100241
2023-06-13,35.3,14.008333333333333,balikesir,TR100241
2023-06-14,30.64,15.841666666666667,balikesir,TR100241
2023-06-15,41.14,18.283333333333335,balikesir,TR100241
2023-06-16,53.37,21.891666666666666,balikesir,TR100241
2023-06-17,45.96,17.004166666666666,balikesir,TR100241
2023-06-18,43.66,15.579166666666666,balikesir,TR100241
2023-06-19,43.1,18.858333333333334,balikesir,TR100241
2023-06-20,54.34,15.554166666666667,balikesir,TR100241
2023-06-21,44.12,20.116666666666667,balikesir,TR100241
2023-06-22,53.05,22.474999999999998,balikesir,TR100241
2023-06-23,46.56,22.291666666666668,balikesir,TR100241
2023-06-24,49.71,23.141666666666666,balikesir,TR100241
2023-06-25,35.99,18.279166666666665,balikesir,TR100241
2023-06-26,37.54,15.125,balikesir,TR100241
2023-06-27,33.11,11.35,balikesir,TR100241
2023-06-28,29.66,9.316666666666666,balikesir,TR100241
2023-06-29,26.87,11.583333333333334,balikesir,TR100241
2023-06-30,26.49,12.670833333333334,balikesir,TR100241
2023-07-01,36.19,15.866666666666667,balikesir,TR100241
2023-07-02,44.32,18.2875,balikesir,TR100241
2023-07-03,67.17,23.55,balikesir,TR100241
2023-07-04,33.06,20.875,balikesir,TR100241
2023-07-05,27.94,20.329166666666666,balikesir,TR100241
2023-07-06,32.61,21.029166666666665,balikesir,TR100241
2023-07-07,45.18,22.608333333333334,balikesir,TR100241
2023-07-08,25.97,12.979166666666666,balikesir,TR100241
2023-07-09,26.58,9.179166666666667,balikesir,TR100241
2023-07-10,56.82,12.762500000000001,balikesir,TR100241
2023-07-11,62.69,18.391666666666666,balikesir,TR100241
2023-07-12,67.19,22.445833333333336,balikesir,TR100241
2023-07-13,77.1,19.858333333333334,balikesir,TR100241
2023-07-14,87.57,24.2375,balikesir,TR100241
2023-07-15,45.49,23.825,balikesir,TR100241
2023-07-16,33.4,10.75,balikesir,TR100241
2023-07-17,37.45,12.554166666666667,balikesir,TR100241
2023-07-18,36.72,10.941666666666668,balikesir,TR100241
2023-07-19,33.15,12.541666666666666,balikesir,TR100241
2023-07-20,47.97,15.783333333333333,balikesir,TR100241
2023-07-21,48.94,21.141666666666666,balikesir,TR100241
2023-07-22,53.9,20.970833333333335,balikesir,TR100241
2023-07-23,60.92,27.6125,balikesir,TR100241
2023-07-24,34.0,12.458333333333334,balikesir,TR100241
2023-07-25,46.05,11.0625,balikesir,TR100241
2023-07-26,74.17,36.7125,balikesir,TR100241
2023-07-27,68.96,30.474999999999998,balikesir,TR100241
2023-07-28,27.23,9.575000000000001,balikesir,TR100241
2023-07-29,30.13,8.633333333333333,balikesir,TR100241
2023-07-30,19.79,8.354166666666666,balikesir,TR100241
2023-07-31,26.54,10.762500000000001,balikesir,TR100241
2023-08-01,28.31,11.7125,balikesir,TR100241
2023-08-02,35.81,13.220833333333333,balikesir,TR100241
2023-08-03,51.07,14.587499999999999,balikesir,TR100241
2023-08-04,60.11,20.329166666666666,balikesir,TR100241
2023-08-05,44.01,21.379166666666666,balikesir,TR100241
2023-08-06,56.2,16.0,balikesir,TR100241
2023-08-07,38.54,14.133333333333333,balikesir,TR100241
2023-08-08,49.4,15.7125,balikesir,TR100241
2023-08-09,28.37,9.674999999999999,balikesir,TR100241
2023-08-10,23.7,10.145833333333334,balikesir,TR100241
2023-08-11,36.14,9.941666666666666,balikesir,TR100241
2023-08-12,34.81,10.354166666666666,balikesir,TR100241
2023-08-13,31.83,13.829166666666666,balikesir,TR100241
2023-08-14,40.79,22.895833333333332,balikesir,TR100241
2023-08-15,52.03,31.7375,balikesir,TR100241
2023-08-16,53.96,31.854166666666668,balikesir,TR100241
2023-08-17,53.92,25.604166666666668,balikesir,TR100241
2023-08-18,52.07,23.145833333333332,balikesir,TR100241
2023-08-19,48.13,19.150000000000002,balikesir,TR100241
2023-08-20,41.83,17.2375,balikesir,TR100241
2023-08-21,48.55,18.4375,balikesir,TR100241
2023-08-22,47.92,21.65833333333333,balikesir,TR100241
2023-08-23,54.87,24.34583333333333,balikesir,TR100241
2023-08-24,46.72,19.745833333333334,balikesir,TR100241
2023-08-25,42.92,17.479166666666668,balikesir,TR100241
2023-08-26,44.71,17.395833333333332,balikesir,TR100241
2023-08-27,41.86,17.241666666666667,balikesir,TR100241
2023-08-28,38.17,14.887500000000001,balikesir,TR100241
2023-08-29,43.62,17.75,balikesir,TR100241
2023-08-30,65.31,23.120833333333334,balikesir,TR100241
2023-08-31,52.23,16.7625,balikesir,TR100241
2023-09-01,45.82,15.441666666666668,balikesir,TR100241
2023-09-02,38.49,12.875,balikesir,TR100241
2023-09-03,30.73,12.595833333333333,balikesir,TR100241
2023-09-04,33.69,13.112499999999999,balikesir,TR100241
2023-09-05,36.41,14.041666666666666,balikesir,TR100241
2023-09-06,29.73,14.762500000000001,balikesir,TR100241
2023-09-07,34.72,17.525000000000002,balikesir,TR100241
2023-09-08,39.92,15.733333333333334,balikesir,TR100241
2023-09-09,32.79,10.833333333333334,balikesir,TR100241
2023-09-10,43.76,11.179166666666667,balikesir,TR100241
2023-09-11,33.2,8.816666666666666,balikesir,TR100241
2023-09-12,31.99,11.325000000000001,balikesir,TR100241
2023-09-13,31.94,14.754166666666668,balikesir,TR100241
2023-09-14,46.9,17.9875,balikesir,TR100241
2023-09-15,58.47,21.075,balikesir,TR100241
2023-09-16,43.14,19.933333333333334,balikesir,TR100241
2023-09-17,39.15,16.945833333333333,balikesir,TR100241
2023-09-18,34.78,11.320833333333333,balikesir,TR100241
2023-09-19,36.21,13.041666666666666,balikesir,TR100241
2023-09-20,26.68,13.933333333333332,balikesir,TR100241
2023-09-21,34.25,14.737499999999999,balikesir,TR100241
2023-09-22,63.07,17.741666666666667,balikesir,TR100241
2023-09-23,79.07,26.875,balikesir,TR100241
2023-09-24,71.74,27.55,balikesir,TR100241
2023-09-25,41.56,22.441666666666666,balikesir,TR100241
2023-09-26,58.42,26.25,balikesir,TR100241
2023-09-27,52.87,25.3625,balikesir,TR100241
2023-09-28,45.19,19.45,balikesir,TR100241
2023-09-29,49.42,22.200000000000003,balikesir,TR100241
2023-09-30,51.33,19.691666666666666,balikesir,TR100241
2023-10-01,34.67,12.487499999999999,balikesir,TR100241
2023-10-02,44.53,13.529166666666667,balikesir,TR100241
2023-10-03,43.22,10.854166666666666,balikesir,TR100241
2023-10-04,45.06,16.070833333333333,balikesir,TR100241
2023-10-05,48.7,19.270833333333332,balikesir,TR100241
2023-10-06,42.7,16.733333333333334,balikesir,TR100241
2023-10-07,41.07,16.625,balikesir,TR100241
2023-10-08,62.09,19.495833333333334,balikesir,TR100241
2023-10-09,50.79,12.429166666666667,balikesir,TR100241
2023-10-10,47.85,17.150000000000002,balikesir,TR100241
2023-10-11,29.52,10.870833333333332,balikesir,TR100241
2023-10-12,26.99,17.6125,balikesir,TR100241
2023-10-13,45.13,23.037499999999998,balikesir,TR100241
2023-10-14,72.81,29.554166666666664,balikesir,TR100241
2023-10-15,70.05,33.00833333333333,balikesir,TR100241
2023-10-16,65.69,21.72083333333333,balikesir,TR100241
2023-10-17,25.78,10.854166666666666,balikesir,TR100241
2023-10-18,22.44,11.395833333333334,balikesir,TR100241
2023-10-19,44.22,12.487499999999999,balikesir,TR100241
2023-10-20,52.84,23.316666666666666,balikesir,TR100241
2023-10-21,56.59,34.52916666666667,balikesir,TR100241
2023-10-22,71.89,42.612500000000004,balikesir,TR100241
2023-10-23,112.65,51.475,balikesir,TR100241
2023-10-24,100.76,55.6875,balikesir,TR100241
2023-10-26,70.89,35.387499999999996,balikesir,TR100241
2023-10-27,67.05,34.395833333333336,balikesir,TR100241
2023-10-28,62.65,24.266666666666666,balikesir,TR100241
2023-10-29,47.39,22.099999999999998,balikesir,TR100241
2023-10-30,55.61,28.03333333333333,balikesir,TR100241
2023-10-31,82.68,33.87916666666667,balikesir,TR100241
2023-11-01,90.32,26.920833333333334,balikesir,TR100241
2023-11-02,70.61,19.099999999999998,balikesir,TR100241
2023-11-03,37.05,20.270833333333332,balikesir,TR100241
2023-11-04,66.88,34.145833333333336,balikesir,TR100241
2023-11-05,26.64,12.916666666666666,balikesir,TR100241
2023-11-06,35.86,17.575,balikesir,TR100241
2023-11-07,78.63,25.991666666666664,balikesir,TR100241
2023-11-08,94.51,34.829166666666666,balikesir,TR100241
2023-11-09,40.43,14.045833333333334,balikesir,TR100241
2023-11-10,52.3,19.920833333333334,balikesir,TR100241
2023-11-11,35.98,13.333333333333334,balikesir,TR100241
2023-11-12,30.95,11.683333333333332,balikesir,TR100241
2023-11-13,28.52,8.691666666666666,balikesir,TR100241
2023-11-14,27.05,16.733333333333334,balikesir,TR100241
2023-11-15,34.6,17.1875,balikesir,TR100241
2023-11-16,30.76,9.791666666666666,balikesir,TR100241
2023-11-17,39.69,16.854166666666668,balikesir,TR100241
2023-11-18,28.93,7.733333333333333,balikesir,TR100241
2023-11-19,15.14,9.737499999999999,balikesir,TR100241
2023-11-20,31.07,22.25,balikesir,TR100241
2023-11-21,41.73,16.1375,balikesir,TR100241
2023-11-22,43.85,11.0375,balikesir,TR100241
2023-11-23,29.64,13.020833333333334,balikesir,TR100241
2023-11-24,37.28,18.291666666666668,balikesir,TR100241
2023-11-25,24.12,10.316666666666666,balikesir,TR100241
2023-11-26,20.04,6.154166666666666,balikesir,TR100241
2023-11-27,26.96,12.612499999999999,balikesir,TR100241
2023-11-28,31.68,7.504166666666666,balikesir,TR100241
2023-11-29,21.63,8.016666666666667,balikesir,TR100241
2023-11-30,35.4,12.9625,balikesir,TR100241
2023-12-01,29.63,16.462500000000002,balikesir,TR100241
2023-12-02,32.09,14.3375,balikesir,TR100241
2023-12-03,32.05,16.966666666666665,balikesir,TR100241
2023-12-04,23.07,11.270833333333334,balikesir,TR100241
2023-12-05,31.05,16.775000000000002,balikesir,TR100241
2023-12-06,39.54,22.1375,balikesir,TR100241
2023-12-07,28.96,11.383333333333333,balikesir,TR100241
2023-12-08,12.75,5.883333333333333,balikesir,TR100241
2023-12-09,12.65,6.566666666666666,balikesir,TR100241
2023-12-10,27.62,14.200000000000001,balikesir,TR100241
2023-12-11,69.47,20.670833333333334,balikesir,TR100241
2023-12-12,67.34,31.895833333333332,balikesir,TR100241
2023-12-13,57.07,25.879166666666666,balikesir,TR100241
2023-12-14,39.64,15.466666666666667,balikesir,TR100241
2023-12-15,39.73,12.729166666666666,balikesir,TR100241
2023-12-16,16.83,5.129166666666666,balikesir,TR100241
2023-12-17,15.7,7.883333333333333,balikesir,TR100241
2023-12-18,39.55,13.7875,balikesir,TR100241
2023-12-21,56.39,14.775,balikesir,TR100241
2023-12-22,33.49,13.950000000000001,balikesir,TR100241
2023-12-23,31.22,12.754166666666668,balikesir,TR100241
2023-12-24,35.07,18.3125,balikesir,TR100241
2023-12-25,45.73,17.791666666666668,balikesir,TR100241
2023-12-26,54.97,19.6125,balikesir,TR100241
2023-12-27,57.71,19.254166666666666,balikesir,TR100241
2023-12-28,64.27,29.754166666666666,balikesir,TR100241
2023-12-29,70.31,35.204166666666666,balikesir,TR100241
2023-12-30,82.21,31.8625,balikesir,TR100241
2023-12-31,75.36,23.40416666666667,balikesir,TR100241
2024-01-03,41.12,16.829166666666666,balikesir,TR100241
2024-01-04,35.11,14.625,balikesir,TR100241
2024-01-05,40.39,17.900000000000002,balikesir,TR100241
2024-01-06,45.02,13.754166666666668,balikesir,TR100241
2024-01-07,36.87,12.341666666666667,balikesir,TR100241
2024-01-08,21.53,8.65,balikesir,TR100241
2024-01-09,18.85,4.2124999999999995,balikesir,TR100241
2024-01-10,16.43,4.333333333333333,balikesir,TR100241
2024-01-11,30.25,10.104166666666666,balikesir,TR100241
2024-01-12,43.67,15.0875,balikesir,TR100241
2024-01-13,28.18,8.0625,balikesir,TR100241
2024-01-14,49.83,19.079166666666666,balikesir,TR100241
2024-01-15,44.78,11.383333333333333,balikesir,TR100241
2024-01-16,32.64,6.958333333333333,balikesir,TR100241
2024-01-17,62.06,22.3625,balikesir,TR100241
2024-01-18,38.98,12.929166666666667,balikesir,TR100241
2024-01-19,30.94,20.841666666666665,balikesir,TR100241
2024-01-20,37.44,14.516666666666666,balikesir,TR100241
2024-01-21,18.25,4.270833333333333,balikesir,TR100241
2024-01-22,20.71,8.429166666666667,balikesir,TR100241
2024-01-23,30.93,14.2875,balikesir,TR100241
2024-01-24,29.17,10.920833333333334,balikesir,TR100241
2024-01-25,48.71,16.920833333333334,balikesir,TR100241
2024-01-26,48.47,13.366666666666667,balikesir,TR100241
2024-01-27,38.18,15.454166666666666,balikesir,TR100241
2024-01-28,18.6,6.6000000000000005,balikesir,TR100241
2024-01-29,14.9,4.570833333333334,balikesir,TR100241
2024-01-30,17.2,8.166666666666666,balikesir,TR100241
2024-01-31,17.69,8.895833333333334,balikesir,TR100241
2024-02-01,33.8,13.341666666666667,balikesir,TR100241
2024-02-02,63.05,21.495833333333334,balikesir,TR100241
2024-02-03,36.75,15.225,balikesir,TR100241
2024-02-05,56.92,25.829166666666666,balikesir,TR100241
2024-02-06,51.42,29.05,balikesir,TR100241
2024-02-07,45.13,21.40416666666667,balikesir,TR100241
2024-02-08,35.13,17.916666666666668,balikesir,TR100241
2024-02-09,32.17,20.5625,balikesir,TR100241
2024-02-10,38.15,14.516666666666666,balikesir,TR100241
2024-02-11,34.12,10.299999999999999,balikesir,TR100241
2024-02-12,26.53,9.433333333333334,balikesir,TR100241
2024-02-13,32.82,11.2125,balikesir,TR100241
2024-02-14,33.75,12.579166666666666,balikesir,TR100241
2024-02-15,16.77,5.108333333333333,balikesir,TR100241
2024-02-16,16.78,7.204166666666667,balikesir,TR100241
2024-02-17,16.84,10.275,balikesir,TR100241
2024-02-18,25.61,15.908333333333333,balikesir,TR100241
2024-02-19,40.0,18.516666666666666,balikesir,TR100241
2024-02-20,33.27,17.366666666666667,balikesir,TR100241
2024-02-21,45.91,14.741666666666667,balikesir,TR100241
2024-02-22,65.48,19.141666666666666,balikesir,TR100241
2024-02-23,55.87,19.075,balikesir,TR100241
2024-02-24,53.59,20.554166666666667,balikesir,TR100241
2024-02-25,52.07,25.241666666666664,balikesir,TR100241
2024-02-26,83.05,23.6375,balikesir,TR100241
2024-02-27,61.88,42.62916666666667,balikesir,TR100241
2024-02-28,97.32,44.24583333333334,balikesir,TR100241
2024-02-29,97.07,47.958333333333336,balikesir,TR100241
2024-03-01,90.98,56.2125,balikesir,TR100241
2024-03-02,101.93,38.12916666666667,balikesir,TR100241
2024-03-03,66.83,21.195833333333333,balikesir,TR100241
2024-03-04,69.03,34.65416666666667,balikesir,TR100241
2024-03-05,68.82,22.65833333333333,balikesir,TR100241
2024-03-06,40.91,16.979166666666668,balikesir,TR100241
2024-03-07,60.46,24.72083333333333,balikesir,TR100241
2024-03-08,34.8,15.2125,balikesir,TR100241
2024-03-09,26.14,15.833333333333334,balikesir,TR100241
2024-03-10,55.26,19.8625,balikesir,TR100241
2024-03-11,64.07,20.125,balikesir,TR100241
2024-03-12,59.92,14.866666666666667,balikesir,TR100241
2024-03-13,23.68,11.983333333333334,balikesir,TR100241
2024-03-14,33.34,20.404166666666665,balikesir,TR100241
2024-03-15,25.71,13.083333333333334,balikesir,TR100241
2024-03-16,52.82,18.029166666666665,balikesir,TR100241
2024-03-17,52.95,22.7,balikesir,TR100241
2024-03-18,49.98,18.625,balikesir,TR100241
2024-03-19,54.13,18.029166666666665,balikesir,TR100241
2024-03-20,22.82,10.454166666666667,balikesir,TR100241
2024-03-21,39.63,13.549999999999999,balikesir,TR100241
2024-03-22,27.95,10.383333333333333,balikesir,TR100241
2024-03-23,40.65,15.258333333333333,balikesir,TR100241
2024-03-24,39.18,18.491666666666667,balikesir,TR100241
2024-03-25,29.7,10.779166666666667,balikesir,TR100241
2024-03-26,36.17,12.616666666666667,balikesir,TR100241
2024-03-27,67.64,37.72083333333333,balikesir,TR100241
2024-03-28,65.59,46.17083333333333,balikesir,TR100241
2024-03-29,79.31,44.72083333333333,balikesir,TR100241
2024-03-30,109.27,50.324999999999996,balikesir,TR100241
2024-03-31,88.6,63.212500000000006,balikesir,TR100241
2024-04-01,91.33,63.333333333333336,balikesir,TR100241
2024-04-02,103.87,62.63333333333333,balikesir,TR100241
2024-04-03,77.58,23.2375,balikesir,TR100241
2024-04-04,61.01,23.516666666666666,balikesir,TR100241
2024-04-05,50.45,17.158333333333335,balikesir,TR100241
2024-04-06,53.88,15.366666666666667,balikesir,TR100241
2024-04-07,40.75,12.470833333333333,balikesir,TR100241
2024-04-08,26.71,14.362499999999999,balikesir,TR100241
2024-04-09,27.09,19.825,balikesir,TR100241
2024-04-10,37.44,21.3625,balikesir,TR100241
2024-04-11,35.63,21.587500000000002,balikesir,TR100241
2024-04-12,55.72,30.683333333333334,balikesir,TR100241
2024-04-13,45.0,26.8875,balikesir,TR100241
2024-04-14,39.47,14.608333333333334,balikesir,TR100241
2024-04-15,53.21,13.6875,balikesir,TR100241
2024-04-16,54.8,13.058333333333332,balikesir,TR100241
2024-04-17,42.78,17.758333333333333,balikesir,TR100241
2024-04-18,53.63,19.504166666666666,balikesir,TR100241
2024-04-19,19.96,13.604166666666666,balikesir,TR100241
2024-04-20,16.35,7.233333333333333,balikesir,TR100241
2024-04-21,21.33,10.575000000000001,balikesir,TR100241
2024-04-22,27.49,15.591666666666667,balikesir,TR100241
2024-04-23,50.13,35.82083333333333,balikesir,TR100241
2024-04-24,119.51,88.39583333333333,balikesir,TR100241
2024-04-25,228.53,51.074999999999996,balikesir,TR100241
2024-04-26,80.0,14.4125,balikesir,TR100241
2024-04-27,54.59,22.0,balikesir,TR100241
2024-04-28,26.54,13.316666666666668,balikesir,TR100241
2024-04-29,28.41,13.620833333333332,balikesir,TR100241
2024-04-30,23.12,20.099999999999998,balikesir,TR100241
2024-05-01,22.73,14.629166666666668,balikesir,TR100241
2024-05-02,32.95,15.958333333333334,balikesir,TR100241
2024-05-03,35.43,16.583333333333332,balikesir,TR100241
2024-05-04,23.4,7.925,balikesir,TR100241
2024-05-05,26.6,9.737499999999999,balikesir,TR100241
2024-05-06,36.5,10.216666666666667,balikesir,TR100241
2024-05-07,43.98,13.295833333333334,balikesir,TR100241
2024-05-08,47.21,17.391666666666666,balikesir,TR100241
2024-05-09,41.24,24.4875,balikesir,TR100241
2024-05-10,36.38,13.179166666666667,balikesir,TR100241
2024-05-11,29.43,8.470833333333333,balikesir,TR100241
2024-05-12,31.81,13.508333333333333,balikesir,TR100241
2024-05-13,26.35,10.666666666666666,balikesir,TR100241
2024-05-14,31.7,8.9375,balikesir,TR100241
2024-05-15,35.83,12.262500000000001,balikesir,TR100241
2024-05-16,27.97,12.345833333333333,balikesir,TR100241
2024-05-17,40.87,25.133333333333336,balikesir,TR100241
2024-05-18,38.68,39.69166666666667,balikesir,TR100241
2024-05-19,43.16,36.42916666666667,balikesir,TR100241
2024-05-20,31.49,22.383333333333336,balikesir,TR100241
2024-05-21,38.95,21.020833333333332,balikesir,TR100241
2024-05-22,59.63,44.87083333333334,balikesir,TR100241
2024-05-23,43.53,32.670833333333334,balikesir,TR100241
2024-05-31,53.74,13.558333333333332,balikesir,TR100241
2024-06-01,50.27,17.504166666666666,balikesir,TR100241
2024-06-02,52.32,20.900000000000002,balikesir,TR100241
2024-06-03,71.33,22.191666666666666,balikesir,TR100241
2024-06-04,88.87,36.891666666666666,balikesir,TR100241
2024-06-05,67.78,29.704166666666666,balikesir,TR100241
2024-06-06,57.21,33.104166666666664,balikesir,TR100241
2024-06-07,38.91,23.47083333333333,balikesir,TR100241
2024-06-08,34.44,14.358333333333334,balikesir,TR100241
2024-06-09,30.55,15.320833333333333,balikesir,TR100241
2024-06-10,41.93,16.6375,balikesir,TR100241
2024-06-11,59.78,26.041666666666668,balikesir,TR100241
2024-06-12,76.98,34.270833333333336,balikesir,TR100241
2024-06-13,73.78,56.425000000000004,balikesir,TR100241
2024-06-14,82.85,48.90416666666667,balikesir,TR100241
2024-06-15,23.9,6.8,balikesir,TR100241
2024-06-16,19.83,7.204166666666667,balikesir,TR100241
2024-06-17,23.85,7.933333333333334,balikesir,TR100241
2024-06-18,25.25,10.483333333333333,balikesir,TR100241
2024-06-19,24.2,11.299999999999999,balikesir,TR100241
2024-06-20,25.39,12.341666666666667,balikesir,TR100241
2024-06-21,31.36,12.700000000000001,balikesir,TR100241
2024-06-23,32.03,13.983333333333334,balikesir,TR100241
2024-06-24,31.19,19.404166666666665,balikesir,TR100241
2024-06-25,32.0,18.454166666666666,balikesir,TR100241
2024-06-26,26.21,9.637500000000001,balikesir,TR100241
2024-06-27,28.8,12.758333333333333,balikesir,TR100241
2024-06-28,35.79,16.641666666666666,balikesir,TR100241
2024-06-29,29.71,12.279166666666667,balikesir,TR100241
2024-06-30,29.09,11.716666666666667,balikesir,TR100241
2024-07-01,33.5,11.845833333333333,balikesir,TR100241
2024-07-02,33.74,13.579166666666666,balikesir,TR100241
2024-07-03,53.72,26.433333333333334,balikesir,TR100241
2024-07-04,25.79,13.799999999999999,balikesir,TR100241
2024-07-06,26.67,10.674999999999999,balikesir,TR100241
2024-07-07,31.94,16.520833333333332,balikesir,TR100241
2024-07-08,37.22,18.354166666666668,balikesir,TR100241
2024-07-09,43.02,20.766666666666666,balikesir,TR100241
2024-07-11,39.14,14.670833333333334,balikesir,TR100241
2024-07-12,36.84,17.983333333333334,balikesir,TR100241
2024-07-13,38.46,19.479166666666668,balikesir,TR100241
2024-07-14,34.89,12.341666666666667,balikesir,TR100241
2024-07-15,33.77,10.829166666666666,balikesir,TR100241
2024-07-16,40.37,12.858333333333334,balikesir,TR100241
2024-07-17,43.75,13.679166666666667,balikesir,TR100241
2024-07-18,43.39,14.933333333333332,balikesir,TR100241
2024-07-19,44.0,14.158333333333333,balikesir,TR100241
2024-07-20,38.34,17.158333333333335,balikesir,TR100241
2024-07-21,37.22,17.033333333333335,balikesir,TR100241
2024-07-22,36.77,14.320833333333333,balikesir,TR100241
2024-07-23,34.75,12.491666666666667,balikesir,TR100241
2024-07-24,31.55,11.137500000000001,balikesir,TR100241
2024-07-25,27.95,10.066666666666666,balikesir,TR100241
2024-07-26,21.63,6.941666666666666,balikesir,TR100241
2024-07-27,29.68,8.25,balikesir,TR100241
2024-07-28,28.55,10.362499999999999,balikesir,TR100241
2024-07-29,34.7,12.470833333333333,balikesir,TR100241
2024-07-30,37.39,11.458333333333334,balikesir,TR100241
2024-07-31,32.03,7.05,balikesir,TR100241
2024-08-01,23.72,8.954166666666667,balikesir,TR100241
2024-08-02,23.88,10.6,balikesir,TR100241
2024-08-03,35.04,12.637500000000001,balikesir,TR100241
2024-08-04,37.58,13.966666666666667,balikesir,TR100241
2024-08-05,31.4,10.954166666666666,balikesir,TR100241
2024-08-06,27.33,9.95,balikesir,TR100241
2024-08-07,30.55,9.379166666666666,balikesir,TR100241
2024-08-08,21.49,7.533333333333334,balikesir,TR100241
2024-08-09,21.74,11.341666666666667,balikesir,TR100241
2024-08-10,25.48,13.2875,balikesir,TR100241
2024-08-11,26.61,10.645833333333334,balikesir,TR100241
2024-08-12,37.43,10.895833333333334,balikesir,TR100241
2024-08-13,34.85,12.470833333333333,balikesir,TR100241
2024-08-14,41.05,12.345833333333333,balikesir,TR100241
2024-08-15,37.97,10.595833333333333,balikesir,TR100241
2024-08-16,26.37,8.720833333333333,balikesir,TR100241
2024-08-17,28.9,9.1625,balikesir,TR100241
2024-08-19,37.65,17.712500000000002,balikesir,TR100241
2024-08-20,60.24,18.970833333333335,balikesir,TR100241
2024-08-21,32.69,19.916666666666668,balikesir,TR100241
2024-08-22,31.26,16.695833333333333,balikesir,TR100241
2024-08-23,34.39,16.375,balikesir,TR100241
2024-08-24,33.34,13.754166666666668,balikesir,TR100241
2024-08-25,26.98,15.679166666666667,balikesir,TR100241
2024-08-26,34.34,15.875,balikesir,TR100241
2024-08-27,38.64,17.425,balikesir,TR100241
2024-08-28,35.43,23.09583333333333,balikesir,TR100241
2024-08-29,35.96,17.358333333333334,balikesir,TR100241
2024-08-30,19.96,12.4375,balikesir,TR100241
2024-08-31,26.05,11.816666666666668,balikesir,TR100241
2024-09-01,27.56,12.729166666666666,balikesir,TR100241
2024-09-02,20.1,9.275,balikesir,TR100241
2024-09-03,41.19,19.408333333333335,balikesir,TR100241
2024-09-04,63.35,32.25833333333333,balikesir,TR100241
2024-09-05,91.42,41.5875,balikesir,TR100241
2024-09-06,61.05,36.43333333333333,balikesir,TR100241
2024-09-07,41.97,26.0,balikesir,TR100241
2024-09-08,28.71,12.8125,balikesir,TR100241
2024-09-09,29.43,17.720833333333335,balikesir,TR100241
2024-09-10,48.63,22.379166666666666,balikesir,TR100241
2024-09-11,39.1,11.1,balikesir,TR100241
2024-09-12,31.89,15.933333333333332,balikesir,TR100241
2024-09-13,41.31,14.737499999999999,balikesir,TR100241
2024-09-14,33.73,12.379166666666668,balikesir,TR100241
2024-09-15,28.05,10.033333333333333,balikesir,TR100241
2024-09-16,32.87,9.6875,balikesir,TR100241
2024-09-17,35.91,12.320833333333333,balikesir,TR100241
2024-09-18,28.94,12.375,balikesir,TR100241
2024-09-19,30.98,15.433333333333332,balikesir,TR100241
2024-09-20,19.94,13.233333333333334,balikesir,TR100241
2024-09-21,26.29,9.420833333333333,balikesir,TR100241
2024-09-22,42.37,11.512500000000001,balikesir,TR100241
2024-09-23,45.01,14.4,balikesir,TR100241
2024-09-24,59.87,20.416666666666668,balikesir,TR100241
2024-09-25,60.21,22.670833333333334,balikesir,TR100241
2024-09-26,62.97,24.420833333333334,balikesir,TR100241
2024-09-27,57.06,30.391666666666666,balikesir,TR100241
2024-09-28,64.46,36.916666666666664,balikesir,TR100241
2024-09-29,82.87,25.78333333333333,balikesir,TR100241
2024-09-30,15.9,4.970833333333333,balikesir,TR100241
2024-10-01,28.74,8.508333333333333,balikesir,TR100241
2024-10-02,82.58,14.266666666666666,balikesir,TR100241
2024-10-03,178.12,19.016666666666666,balikesir,TR100241
2024-10-04,94.46,19.508333333333333,balikesir,TR100241
2024-10-05,77.86,23.8125,balikesir,TR100241
2024-10-06,68.15,20.141666666666666,balikesir,TR100241
2024-10-07,35.76,14.5875,balikesir,TR100241
2024-10-08,40.54,19.008333333333333,balikesir,TR100241
2024-10-09,50.48,19.641666666666666,balikesir,TR100241
2024-10-10,38.48,21.650000000000002,balikesir,TR100241
2024-10-11,46.78,29.3875,balikesir,TR100241
2024-10-12,49.63,23.53333333333333,balikesir,TR100241
2024-10-13,17.59,8.816666666666666,balikesir,TR100241
2024-10-14,21.26,15.2125,balikesir,TR100241
2024-10-15,29.57,14.045833333333334,balikesir,TR100241
2024-10-16,30.64,13.4625,balikesir,TR100241
2024-10-17,21.77,8.529166666666667,balikesir,TR100241
2024-10-18,15.93,8.6,balikesir,TR100241
2024-10-19,22.02,9.666666666666666,balikesir,TR100241
2024-10-20,15.78,9.995833333333334,balikesir,TR100241
2024-10-21,18.82,9.429166666666667,balikesir,TR100241
2024-10-22,21.65,12.441666666666668,balikesir,TR100241
2024-10-23,31.77,17.7,balikesir,TR100241
2024-10-24,25.28,17.254166666666666,balikesir,TR100241
2024-10-25,28.39,13.766666666666666,balikesir,TR100241
2024-10-26,23.31,14.174999999999999,balikesir,TR100241
2024-10-27,33.74,22.620833333333334,balikesir,TR100241
2024-10-28,51.9,21.458333333333332,balikesir,TR100241
2024-10-29,63.66,26.575,balikesir,TR100241
2024-10-30,38.38,16.604166666666668,balikesir,TR100241
2024-10-31,23.1,11.079166666666666,balikesir,TR100241
2024-11-01,27.3,19.408333333333335,balikesir,TR100241
2024-11-02,61.71,32.77916666666667,balikesir,TR100241
2024-11-03,42.96,15.225,balikesir,TR100241
2024-11-04,23.82,9.1625,balikesir,TR100241
2024-11-05,32.81,9.541666666666666,balikesir,TR100241
2024-11-06,20.03,10.733333333333334,balikesir,TR100241
2024-11-07,24.24,13.85,balikesir,TR100241
2024-11-08,21.26,17.304166666666667,balikesir,TR100241
2024-11-09,22.67,13.633333333333333,balikesir,TR100241
2024-11-10,15.91,11.933333333333332,balikesir,TR100241
2024-11-11,21.37,13.383333333333333,balikesir,TR100241
2024-11-12,59.0,29.15833333333333,balikesir,TR100241
2024-11-13,34.71,32.925000000000004,balikesir,TR100241
2024-11-14,26.92,22.1375,balikesir,TR100241
2024-11-15,30.74,9.15,balikesir,TR100241
2024-11-16,21.54,9.525,balikesir,TR100241
2024-11-17,23.34,11.433333333333332,balikesir,TR100241
2024-11-18,40.1,18.670833333333334,balikesir,TR100241
2024-11-19,55.44,25.570833333333336,balikesir,TR100241
2024-11-20,47.91,22.120833333333334,balikesir,TR100241
2024-11-21,25.89,7.329166666666667,balikesir,TR100241
2024-11-22,30.39,9.862499999999999,balikesir,TR100241
2024-11-23,18.76,5.379166666666666,balikesir,TR100241
2024-11-24,16.88,8.200000000000001,balikesir,TR100241
2024-11-25,26.85,10.570833333333333,balikesir,TR100241
2024-11-26,33.59,12.620833333333332,balikesir,TR100241
2024-11-27,41.3,22.320833333333336,balikesir,TR100241
2024-11-28,64.12,30.8,balikesir,TR100241
2024-11-29,76.68,34.704166666666666,balikesir,TR100241
2024-11-30,51.38,22.45,balikesir,TR100241
2024-12-01,34.22,25.233333333333334,balikesir,TR100241
2024-12-02,36.73,24.054166666666664,balikesir,TR100241
2024-12-03,28.31,21.383333333333336,balikesir,TR100241
2024-12-04,18.03,9.966666666666667,balikesir,TR100241
2024-12-05,20.24,21.104166666666668,balikesir,TR100241
2024-12-06,62.24,27.291666666666668,balikesir,TR100241
2024-12-07,61.12,16.004166666666666,balikesir,TR100241
2024-12-08,26.74,9.966666666666667,balikesir,TR100241
2024-12-09,25.81,7.466666666666666,balikesir,TR100241
2024-12-10,29.81,16.816666666666666,balikesir,TR100241
2024-12-11,24.06,11.020833333333334,balikesir,TR100241
2024-12-12,45.97,16.116666666666667,balikesir,TR100241
2024-12-13,21.54,18.55,balikesir,TR100241
2024-12-14,27.52,21.0625,balikesir,TR100241
2024-12-15,39.84,12.875,balikesir,TR100241
2024-12-16,23.78,13.2875,balikesir,TR100241
2024-12-17,47.04,26.7375,balikesir,TR100241
2024-12-18,58.97,21.912499999999998,balikesir,TR100241
2024-12-19,77.01,26.316666666666666,balikesir,TR100241
2024-12-20,55.44,17.400000000000002,balikesir,TR100241
2024-12-21,32.92,7.366666666666667,balikesir,TR100241
2024-12-22,17.19,11.674999999999999,balikesir,TR100241
2024-12-23,35.48,11.254166666666668,balikesir,TR100241
2024-12-24,21.19,5.4875,balikesir,TR100241
2024-12-25,29.84,13.883333333333333,balikesir,TR100241
2024-12-26,28.08,18.870833333333334,balikesir,TR100241
2024-12-27,16.23,5.616666666666667,balikesir,TR100241
2024-12-28,11.98,5.391666666666667,balikesir,TR100241
2024-12-29,11.14,7.595833333333334,balikesir,TR100241
2024-12-30,19.71,11.566666666666668,balikesir,TR100241
2024-12-31,29.93,19.545833333333334,balikesir,TR100241
2025-01-01,48.92,37.416666666666664,balikesir,TR100241
2025-01-02,40.7,33.016666666666666,balikesir,TR100241
2025-01-03,47.77,14.891666666666666,balikesir,TR100241
2025-01-04,30.56,9.633333333333333,balikesir,TR100241
2025-01-05,29.08,12.470833333333333,balikesir,TR100241
2025-01-06,48.58,26.162499999999998,balikesir,TR100241
2025-01-07,45.48,17.525000000000002,balikesir,TR100241
2025-01-08,29.34,17.575,balikesir,TR100241
2025-01-09,55.26,28.633333333333336,balikesir,TR100241
2025-01-10,48.46,31.09583333333333,balikesir,TR100241
2025-01-11,39.81,17.491666666666667,balikesir,TR100241
2025-01-12,12.66,8.5625,balikesir,TR100241
2025-01-13,11.5,3.7083333333333335,balikesir,TR100241
2025-01-14,12.15,4.954166666666667,balikesir,TR100241
2025-01-15,14.37,7.0625,balikesir,TR100241
2025-01-16,17.82,10.120833333333334,balikesir,TR100241
2025-01-17,38.69,16.1125,balikesir,TR100241
2025-01-18,63.41,25.662499999999998,balikesir,TR100241
2025-01-19,66.22,29.433333333333334,balikesir,TR100241
2025-01-20,54.78,28.120833333333334,balikesir,TR100241
2025-01-21,79.14,29.916666666666668,balikesir,TR100241
2025-01-22,80.74,20.491666666666667,balikesir,TR100241
2025-01-23,63.47,31.608333333333334,balikesir,TR100241
2025-01-24,56.05,28.46666666666667,balikesir,TR100241
2025-01-25,37.52,16.016666666666666,balikesir,TR100241
2025-01-26,36.71,23.875,balikesir,TR100241
2025-01-27,64.57,35.512499999999996,balikesir,TR100241
2025-01-28,60.05,30.7625,balikesir,TR100241
2025-01-29,53.81,20.395833333333332,balikesir,TR100241
2025-01-30,70.81,21.40416666666667,balikesir,TR100241
2025-01-31,73.77,26.837500000000002,balikesir,TR100241
2025-02-01,59.4,28.145833333333332,balikesir,TR100241
2025-02-02,40.1,33.7875,balikesir,TR100241
2025-02-03,64.48,39.604166666666664,balikesir,TR100241
2025-02-04,24.91,7.625,balikesir,TR100241
2025-02-05,18.65,6.1875,balikesir,TR100241
2025-02-06,20.57,6.3500000000000005,balikesir,TR100241
2025-02-07,19.75,6.258333333333333,balikesir,TR100241
2025-02-08,17.91,8.745833333333334,balikesir,TR100241
2025-02-09,18.16,6.1875,balikesir,TR100241
2025-02-10,21.89,8.391666666666667,balikesir,TR100241
2025-02-11,23.62,11.1875,balikesir,TR100241
2025-02-12,27.74,9.3125,balikesir,TR100241
2025-02-13,44.21,16.75,balikesir,TR100241
2025-02-14,60.84,17.454166666666666,balikesir,TR100241
2025-02-15,51.95,16.729166666666668,balikesir,TR100241
2025-02-16,41.08,23.541666666666668,balikesir,TR100241
2025-02-17,26.05,18.841666666666665,balikesir,TR100241
2025-02-18,23.35,10.020833333333334,balikesir,TR100241
2025-02-19,22.83,8.637500000000001,balikesir,TR100241
2025-02-20,31.7,10.7125,balikesir,TR100241
2025-02-21,24.92,9.333333333333334,balikesir,TR100241
2025-02-22,27.25,8.866666666666667,balikesir,TR100241
2025-02-23,24.48,14.887500000000001,balikesir,TR100241
2025-02-24,43.84,19.375,balikesir,TR100241
2025-02-25,56.35,22.2375,balikesir,TR100241
2025-02-26,62.13,24.27916666666667,balikesir,TR100241
2025-02-27,64.1,15.933333333333332,balikesir,TR100241
2025-02-28,59.9,16.345833333333335,balikesir,TR100241
2025-03-01,52.61,27.0,balikesir,TR100241
2025-03-02,64.71,26.416666666666668,balikesir,TR100241
2025-03-03,24.37,9.733333333333333,balikesir,TR100241
2025-03-04,26.82,10.729166666666666,balikesir,TR100241
2025-03-05,29.06,17.962500000000002,balikesir,TR100241
2025-03-07,69.36,34.0,balikesir,TR100241
2025-03-08,42.61,28.120833333333334,balikesir,TR100241
2025-03-09,42.63,33.2125,balikesir,TR100241
2025-03-10,84.33,38.30833333333333,balikesir,TR100241
2025-03-11,56.4,28.837500000000002,balikesir,TR100241
2025-03-12,50.43,27.479166666666668,balikesir,TR100241
2025-03-13,61.45,26.233333333333334,balikesir,TR100241
2025-03-15,72.51,40.512499999999996,balikesir,TR100241
2025-03-16,65.49,36.82083333333333,balikesir,TR100241
2025-03-17,69.93,29.616666666666664,balikesir,TR100241
2025-03-18,17.14,6.325,balikesir,TR100241
2025-03-19,37.33,7.2250000000000005,balikesir,TR100241
2025-03-20,24.99,11.908333333333333,balikesir,TR100241
2025-03-21,30.35,12.700000000000001,balikesir,TR100241
2025-03-22,50.08,15.841666666666667,balikesir,TR100241
2025-03-23,52.91,16.679166666666667,balikesir,TR100241
2025-03-24,47.58,18.5625,balikesir,TR100241
2025-03-25,53.48,24.133333333333336,balikesir,TR100241
2025-03-26,67.87,32.925000000000004,balikesir,TR100241
2025-03-27,91.92,47.38333333333333,balikesir,TR100241
2025-03-28,54.07,31.1125,balikesir,TR100241
2025-03-29,51.65,14.241666666666667,balikesir,TR100241
2025-03-30,33.02,13.491666666666667,balikesir,TR100241
2025-03-31,27.34,14.841666666666667,balikesir,TR100241
2025-04-01,32.12,18.258333333333333,balikesir,TR100241
2025-04-02,32.61,15.362499999999999,balikesir,TR100241
2025-04-03,26.61,12.512500000000001,balikesir,TR100241
2025-04-04,46.15,21.358333333333334,balikesir,TR100241
2025-04-05,32.54,21.816666666666666,balikesir,TR100241
2025-04-06,31.33,17.033333333333335,balikesir,TR100241
2025-04-07,11.04,6.308333333333334,balikesir,TR100241
2025-04-08,23.27,9.4625,balikesir,TR100241
2025-04-09,22.47,10.775,balikesir,TR100241
2025-04-10,42.09,13.25,balikesir,TR100241
2025-04-11,19.11,7.741666666666667,balikesir,TR100241
2025-04-12,26.9,10.720833333333333,balikesir,TR100241
2025-04-13,39.56,10.9625,balikesir,TR100241
2025-04-14,48.12,16.954166666666666,balikesir,TR100241
2025-04-15,42.06,21.125,balikesir,TR100241
2025-04-16,51.3,28.962500000000002,balikesir,TR100241
2025-04-17,48.43,33.99583333333333,balikesir,TR100241
2025-04-18,58.05,36.75833333333333,balikesir,TR100241
2025-04-19,62.63,30.541666666666668,balikesir,TR100241
2025-04-20,51.74,27.84583333333333,balikesir,TR100241
2025-04-21,59.85,29.441666666666666,balikesir,TR100241
2025-04-22,55.01,40.858333333333334,balikesir,TR100241
2025-04-23,45.14,30.0125,balikesir,TR100241
2025-04-24,37.35,23.837500000000002,balikesir,TR100241
2025-04-25,45.14,27.395833333333332,balikesir,TR100241
2025-04-26,53.07,20.804166666666667,balikesir,TR100241
2025-04-27,50.95,18.433333333333334,balikesir,TR100241
2025-04-28,59.22,8.558333333333334,balikesir,TR100241
2025-04-29,38.24,9.883333333333333,balikesir,TR100241
2025-04-30,31.15,13.9375,balikesir,TR100241
2025-05-01,26.83,10.3375,balikesir,TR100241
2025-05-02,32.11,13.237499999999999,balikesir,TR100241
2025-05-03,40.21,13.308333333333332,balikesir,TR100241
2025-05-04,45.35,12.075000000000001,balikesir,TR100241
2025-05-05,51.77,13.583333333333334,balikesir,TR100241
2025-05-06,50.39,23.0,balikesir,TR100241
2025-05-07,49.72,41.84583333333334,balikesir,TR100241
2025-05-08,67.73,36.9,balikesir,TR100241
2025-05-09,63.25,28.079166666666666,balikesir,TR100241
2025-05-10,28.22,20.8125,balikesir,TR100241
2025-05-11,21.85,10.554166666666667,balikesir,TR100241
2025-05-12,37.42,10.795833333333334,balikesir,TR100241
2025-05-13,28.3,8.904166666666667,balikesir,TR100241
2025-05-14,26.15,9.049999999999999,balikesir,TR100241
2025-05-15,33.59,7.108333333333333,balikesir,TR100241
2025-05-16,46.02,21.804166666666664,balikesir,TR100241
2025-05-17,45.21,19.354166666666668,balikesir,TR100241
2025-05-18,34.74,11.1,balikesir,TR100241
2025-05-19,31.73,9.720833333333333,balikesir,TR100241
2025-05-20,32.98,8.737499999999999,balikesir,TR100241
2025-05-21,44.07,8.291666666666666,balikesir,TR100241
2025-05-22,46.93,21.195833333333333,balikesir,TR100241
2025-05-23,59.69,32.28333333333333,balikesir,TR100241
2025-05-24,50.13,45.4,balikesir,TR100241
2025-05-25,47.36,65.25416666666666,balikesir,TR100241
2025-05-26,32.37,14.370833333333332,balikesir,TR100241
2025-05-27,31.45,10.112499999999999,balikesir,TR100241
2025-05-28,34.7,12.479166666666666,balikesir,TR100241
2025-05-29,44.5,9.387500000000001,balikesir,TR100241
2025-05-30,35.99,13.158333333333333,balikesir,TR100241
2025-05-31,30.12,10.004166666666666,balikesir,TR100241
2025-06-01,24.59,9.733333333333333,balikesir,TR100241
2025-06-02,35.48,12.387500000000001,balikesir,TR100241
2025-06-03,42.48,12.674999999999999,balikesir,TR100241
2025-06-04,44.86,15.070833333333333,balikesir,TR100241
2025-06-05,40.97,18.075,balikesir,TR100241
2025-06-06,32.63,16.0125,balikesir,TR100241
2025-06-07,30.1,15.9125,balikesir,TR100241
2025-06-08,27.54,18.304166666666667,balikesir,TR100241
2025-06-09,34.44,20.145833333333332,balikesir,TR100241
2025-06-10,44.63,17.883333333333333,balikesir,TR100241
2025-06-11,43.78,19.333333333333332,balikesir,TR100241
2025-06-12,40.77,18.066666666666666,balikesir,TR100241
2025-06-13,39.66,13.225,balikesir,TR100241
2025-06-14,31.39,8.7125,balikesir,TR100241
2025-06-15,23.64,7.941666666666666,balikesir,TR100241
2025-06-16,28.93,8.091666666666667,balikesir,TR100241
2025-06-18,40.82,11.15,balikesir,TR100241
2025-06-19,35.23,10.525,balikesir,TR100241
2025-06-20,45.92,13.558333333333332,balikesir,TR100241
2025-06-21,35.68,10.158333333333333,balikesir,TR100241
2025-06-22,24.61,5.579166666666667,balikesir,TR100241
2025-06-23,26.59,9.225,balikesir,TR100241
2025-06-24,48.96,11.804166666666667,balikesir,TR100241
2025-06-25,44.08,13.6875,balikesir,TR100241
2025-06-26,49.32,13.045833333333334,balikesir,TR100241
2025-06-27,40.74,9.895833333333334,balikesir,TR100241
2025-06-28,35.56,8.229166666666666,balikesir,TR100241
2025-06-29,35.42,8.120833333333334,balikesir,TR100241
2025-06-30,32.79,8.254166666666666,balikesir,TR100241
2025-07-01,46.12,8.666666666666666,balikesir,TR100241
2025-07-02,36.43,5.654166666666666,balikesir,TR100241
2025-07-03,30.21,6.2875000000000005,balikesir,TR100241
2025-07-04,32.38,7.216666666666666,balikesir,TR100241
2025-07-05,35.59,8.920833333333333,balikesir,TR100241
2025-07-06,36.15,11.820833333333333,balikesir,TR100241
2025-07-07,35.92,16.6375,balikesir,TR100241
2025-07-08,48.09,17.429166666666667,balikesir,TR100241
2025-07-09,58.92,12.595833333333333,balikesir,TR100241
2025-07-10,43.52,8.095833333333333,balikesir,TR100241
2025-07-11,31.6,7.554166666666667,balikesir,TR100241
2025-07-12,28.19,8.575000000000001,balikesir,TR100241
2025-07-13,33.89,9.095833333333333,balikesir,TR100241
2025-07-14,32.96,9.091666666666667,balikesir,TR100241
2025-07-15,45.18,13.7875,balikesir,TR100241
2025-07-16,37.91,10.208333333333334,balikesir,TR100241
2025-07-17,41.51,15.833333333333334,balikesir,TR100241
2025-07-18,43.4,16.770833333333332,balikesir,TR100241
2025-07-19,31.01,11.916666666666666,balikesir,TR100241
2025-07-20,28.13,7.508333333333333,balikesir,TR100241
2025-07-21,38.07,8.504166666666666,balikesir,TR100241
2025-07-22,51.61,11.429166666666667,balikesir,TR100241
2025-07-23,61.21,13.408333333333333,balikesir,TR100241
2025-07-24,39.62,15.5625,balikesir,TR100241
2025-07-25,33.21,10.987499999999999,balikesir,TR100241
2025-07-26,40.98,9.316666666666666,balikesir,TR100241
2025-07-27,35.26,16.787499999999998,balikesir,TR100241
2025-07-28,54.5,24.441666666666666,balikesir,TR100241
2025-07-29,62.35,18.266666666666666,balikesir,TR100241
2025-07-30,39.11,17.125,balikesir,TR100241
2025-07-31,29.94,11.941666666666668,balikesir,TR100241
2025-08-01,32.81,8.725,balikesir,TR100241
2025-08-02,34.75,10.241666666666667,balikesir,TR100241
2025-08-03,25.66,12.25,balikesir,TR100241
2025-08-04,29.53,14.220833333333333,balikesir,TR100241
2025-08-05,32.85,17.316666666666666,balikesir,TR100241
2025-08-06,38.22,17.541666666666668,balikesir,TR100241
2025-08-07,38.51,14.0375,balikesir,TR100241
2025-08-08,37.59,16.054166666666667,balikesir,TR100241
2025-08-09,31.87,13.950000000000001,balikesir,TR100241
2025-08-10,32.51,13.0625,balikesir,TR100241
2025-08-11,33.65,10.4125,balikesir,TR100241
2025-08-12,38.56,12.129166666666668,balikesir,TR100241
2025-08-13,35.53,14.558333333333332,balikesir,TR100241
2025-08-14,33.71,12.85,balikesir,TR100241
2025-08-15,38.63,13.045833333333334,balikesir,TR100241
2025-08-16,32.7,10.891666666666666,balikesir,TR100241
2025-08-17,27.0,14.112499999999999,balikesir,TR100241
2025-08-18,31.52,15.129166666666668,balikesir,TR100241
2025-08-19,28.16,15.775,balikesir,TR100241
2025-08-20,28.76,12.016666666666666,balikesir,TR100241
2025-08-21,34.07,10.933333333333332,balikesir,TR100241
2025-08-22,48.56,19.337500000000002,balikesir,TR100241
2025-08-23,35.94,15.645833333333334,balikesir,TR100241
2025-08-24,20.9,10.366666666666665,balikesir,TR100241
2025-08-25,35.67,8.858333333333333,balikesir,TR100241
2025-08-26,23.82,6.9624999999999995,balikesir,TR100241
2025-08-27,25.35,9.862499999999999,balikesir,TR100241
2025-08-28,27.97,12.4375,balikesir,TR100241
2025-08-29,36.91,19.829166666666666,balikesir,TR100241
2025-08-30,46.29,21.620833333333334,balikesir,TR100241
2025-08-31,48.28,22.895833333333332,balikesir,TR100241
2025-09-01,41.46,13.35,balikesir,TR100241
2025-09-02,35.26,13.916666666666666,balikesir,TR100241
2025-09-03,55.03,21.091666666666665,balikesir,TR100241
2025-09-04,38.39,18.558333333333334,balikesir,TR100241
2025-09-05,40.67,18.391666666666666,balikesir,TR100241
2025-09-06,26.47,12.674999999999999,balikesir,TR100241
2025-09-07,31.08,11.954166666666666,balikesir,TR100241
2025-09-08,29.85,12.170833333333334,balikesir,TR100241
2025-09-09,38.32,16.795833333333334,balikesir,TR100241
2025-09-10,45.23,17.3125,balikesir,TR100241
2025-09-11,44.34,19.7,balikesir,TR100241
2025-09-12,27.67,15.933333333333332,balikesir,TR100241
2025-09-13,25.49,11.5375,balikesir,TR100241
2025-09-14,30.66,11.5875,balikesir,TR100241
2025-09-15,26.26,11.466666666666667,balikesir,TR100241
2025-09-16,31.15,9.904166666666667,balikesir,TR100241
2025-09-17,40.54,9.8125,balikesir,TR100241
2025-09-18,22.8,6.8500000000000005,balikesir,TR100241
2025-09-19,22.2,8.75,balikesir,TR100241
2025-09-20,22.21,8.229166666666666,balikesir,TR100241
2025-09-21,21.93,10.029166666666667,balikesir,TR100241
2025-09-22,29.26,16.779166666666665,balikesir,TR100241
2025-09-23,37.54,22.78333333333333,balikesir,TR100241
2025-09-24,41.67,21.154166666666665,balikesir,TR100241
2025-09-25,28.22,16.837500000000002,balikesir,TR100241
2025-09-26,40.36,14.979166666666666,balikesir,TR100241
2025-09-27,29.05,8.245833333333334,balikesir,TR100241
2025-09-28,20.44,8.9,balikesir,TR100241
2025-09-29,16.9,9.095833333333333,balikesir,TR100241
2025-09-30,19.38,11.154166666666667,balikesir,TR100241
2025-10-01,43.13,11.154166666666667,balikesir,TR100241
2025-10-02,28.25,15.4,balikesir,TR100241
2025-10-03,31.01,10.783333333333333,balikesir,TR100241
2025-10-04,23.45,8.966666666666667,balikesir,TR100241
2025-10-05,29.29,11.2125,balikesir,TR100241
2025-10-06,38.45,11.404166666666667,balikesir,TR100241
2025-10-07,24.79,7.620833333333334,balikesir,TR100241
2025-10-08,16.88,10.641666666666667,balikesir,TR100241
2025-10-09,26.5,12.674999999999999,balikesir,TR100241
2025-10-10,29.58,14.745833333333332,balikesir,TR100241
2025-10-11,35.88,10.258333333333333,balikesir,TR100241
2025-10-12,28.42,8.529166666666667,balikesir,TR100241
2025-10-13,31.68,10.995833333333332,balikesir,TR100241
2025-10-14,42.0,21.070833333333333,balikesir,TR100241
2025-10-15,41.45,16.662499999999998,balikesir,TR100241
2025-10-16,22.42,13.879166666666668,balikesir,TR100241
2025-10-17,36.37,22.120833333333334,balikesir,TR100241
2025-10-18,65.38,28.599999999999998,balikesir,TR100241
2025-10-19,46.46,18.458333333333332,balikesir,TR100241
2025-10-20,41.13,14.883333333333333,balikesir,TR100241
2025-10-21,51.38,19.9375,balikesir,TR100241
2025-10-22,52.54,18.3,balikesir,TR100241
