date,pi_temp_corrected,fitted_pi_temp,segment_id,rain_day
2023-09-26,3.1656809214823327,3.1649309535121564,1,False
2023-09-27,3.100920934121096,3.155541280487536,1,False
2023-09-29,3.1649309535121564,3.1367619344382938,1,False
2023-09-30,3.1569576882775094,3.1273722614136727,1,False
2023-10-01,3.17393943305516,3.117982588389052,1,False
2023-10-02,3.13638261405693,3.1085929153644316,1,False
2023-10-03,3.433376402043997,3.099203242339811,1,False
2023-10-04,3.15107694276096,3.0898135693151905,1,False
2023-10-05,3.154804858705868,3.080423896290569,1,False
2023-10-06,3.1654609472317854,3.0710342232659484,1,False
2023-10-07,3.172925247813313,3.061644550241328,1,False
2023-10-08,3.0968103940284726,3.0522548772167073,1,False
2023-10-09,3.0882469868797746,3.0428652041920867,1,False
2023-10-10,3.053695659899446,3.0334755311674657,1,False
2023-10-11,3.0748122206345077,3.0240858581428443,1,False
2023-10-12,3.1228189352601015,3.0146961851182237,1,False
2023-10-13,3.0972098778257537,3.005306512093603,1,False
2023-10-14,3.0483220898685217,2.9959168390689825,1,False
2023-10-15,3.0739672207168454,2.9865271660443615,1,False
2023-10-17,2.9870844691978045,2.96774781999512,1,False
2023-10-19,3.0409910403972886,2.9489684739458784,1,False
2023-10-20,3.002512379209303,2.939578800921258,1,False
2023-10-21,2.993230017387276,2.9301891278966368,1,False
2023-10-22,2.9753915945901204,2.920799454872016,1,False
2023-10-23,2.9208611412504406,2.911409781847395,1,False
2023-10-24,3.018601618440757,2.9020201088227746,1,False
2023-10-25,3.0096455335487806,2.892630435798154,1,False
2023-10-26,2.9112089651749087,2.883240762773533,1,False
2023-10-27,2.948668622847262,2.8738510897489125,1,False
2023-10-28,2.948671588995106,2.864461416724291,1,False
2023-10-29,2.858427487706172,2.8550717436996704,1,False
2023-10-30,2.949529625136384,2.84568207067505,1,False
2023-10-31,2.914834679157734,2.836292397650429,1,False
2023-11-01,2.945049612916257,2.8269027246258083,1,False
2023-11-03,2.752454627615527,2.808123378576567,1,False
2023-11-05,2.859054384503566,2.789344032527325,1,False
2023-11-06,2.821462740179734,2.779954359502704,1,False
2023-11-07,2.804229665367045,2.7705646864780835,1,False
2023-11-10,2.6785527304204746,2.742395667404222,1,False
2023-11-12,2.6301101126720354,2.7236163213549798,1,False
2023-12-10,2.341252390012015,2.341252390012015,2,False
2023-12-11,2.579567832289133,2.344298918287504,2,False
2023-12-12,2.3031703022647783,2.3473454465629926,2,False
2023-12-13,2.322373852590528,2.3503919748384816,2,False
2023-12-14,2.386558442199797,2.35343850311397,2,False
2023-12-17,2.0867484410865464,2.3625780879404368,2,False
2023-12-18,2.07626858773692,2.3656246162159253,2,False
2023-12-19,2.1363197743869904,2.3686711444914144,2,False
2023-12-23,2.117963912330269,2.38085725759337,2,False
2023-12-24,2.1311314724054196,2.3839037858688585,2,False
2023-12-25,2.1293810991828965,2.3869503141443476,2,False
2023-12-26,2.209038453730896,2.389996842419836,2,False
2023-12-27,2.227775222368916,2.393043370695325,2,False
2023-12-29,2.39729505458287,2.3991364272463027,2,False
2023-12-30,2.34530314590525,2.4021829555217917,2,False
2023-12-31,2.5004659543191545,2.4052294837972803,2,False
2024-01-01,2.470600143981017,2.4082760120727693,2,False
2024-01-02,2.4272514242954597,2.4113225403482583,2,False
2024-01-03,2.3997314321827257,2.414369068623747,2,False
2024-01-04,2.3626534842875735,2.417415596899236,2,False
2024-01-05,2.154728933748853,2.4204621251747245,2,False
2024-01-12,2.459751028864988,2.4417878231031462,2,False
2024-01-13,2.3003869319514503,2.4448343513786357,2,False
2024-01-14,2.3139560642004455,2.4478808796541243,2,False
2024-01-17,2.4461495050716713,2.457020464480591,2,False
2024-01-19,2.391163604070718,2.463113521031568,2,False
2024-01-22,2.4536892473495158,2.4722531058580346,2,False
2024-01-23,2.414377552636789,2.4752996341335236,2,False
2024-01-24,2.7256538990288988,2.478346162409012,2,False
2024-01-26,2.3282972168414013,2.48443921895999,2,False
2024-01-27,2.347136710616939,2.4874857472354788,2,False
2024-02-01,2.533340980223326,2.502718388612923,2,False
2024-02-04,2.537301309960081,2.511857973439389,2,False
2024-02-05,2.5553823345414597,2.514904501714878,2,False
2024-02-06,2.5114475355501757,2.5179510299903667,2,False
2024-02-07,2.836019687656194,2.5209975582658557,2,False
2024-02-09,4.078088538861993,2.5270906148168333,2,False
2024-02-16,2.5088116025263307,2.5484163127452555,2,False
2024-02-18,2.5947943733176624,2.554509369296233,2,False
2024-02-19,2.7134808275323095,2.557555897571722,2,False
2024-02-20,2.6013050181543407,2.560602425847211,2,False
2024-02-21,2.5909193268963606,2.5636489541226997,2,False
2024-02-22,2.5893051212893803,2.5666954823981882,2,False
2024-02-23,2.5458517151864424,2.5697420106736772,2,False
2024-02-24,2.5727885389491663,2.5727885389491663,2,False
2024-02-25,2.552475842626008,2.575835067224655,2,False
2024-02-27,2.5343104494346123,2.5819281237756324,2,False
2024-02-28,2.5500145686935163,2.5849746520511214,2,False
2024-02-29,2.5240283143485907,2.58802118032661,2,False
2024-03-01,2.415934225393356,2.591067708602099,2,False
2024-03-04,2.4214319839240086,2.6002072934285656,2,False
2024-03-06,2.5740107654600126,2.606300349979543,2,False
2024-03-09,2.594798517875387,2.61543993480601,2,False
2024-03-10,2.5444688251246084,2.6184864630814983,2,False
2024-03-11,2.5648506325253035,2.6215329913569874,2,False
2024-03-16,2.4981604078731863,2.6367656327344315,2,False
2024-03-17,2.569175970078193,2.63981216100992,2,False
2024-03-18,2.574612625982471,2.6428586892854096,2,False
2024-03-19,2.4985973400168664,2.645905217560898,2,False
2024-03-21,2.5349436743312035,2.6519982741118753,2,False
2024-03-23,2.608028200723151,2.6580913306628533,2,False
2024-03-24,2.5906572048181062,2.661137858938342,2,False
2024-04-08,2.8819468500259036,2.8691916889404587,3,False
2024-04-09,2.8691916889404587,2.8691769587298603,3,False
2024-04-10,2.8606708129240497,2.8691622285192615,3,False
2024-04-13,2.8709224175572685,2.869118037887466,3,False
2024-04-15,2.821472393257494,2.869088577466268,3,False
2024-04-16,2.797104959304921,2.8690738472556694,3,False
2024-04-17,2.787590120735408,2.869059117045071,3,False
2024-04-18,2.840441352036146,2.8690443868344726,3,False
2024-04-22,2.758590592117586,2.868985465992078,3,False
2024-04-23,2.7187471178667586,2.8689707357814793,3,False
2024-04-24,2.7586067569483106,2.86895600557088,3,False
2024-04-25,2.7301105423581653,2.8689412753602825,3,False
2024-04-27,2.779397625427824,2.8689118149390844,3,False
2024-04-28,2.749451672984873,2.868897084728486,3,False
2024-04-29,2.7284965190805113,2.8688823545178876,3,False
2024-04-30,2.8411420566333323,2.868867624307289,3,False
2024-05-01,2.8558149509530115,2.86885289409669,3,False
2024-05-02,2.804381139744808,2.8688381638860916,3,False
2024-05-05,2.8083119146869064,2.868793973254295,3,False
2024-05-06,2.874781063618749,2.8687792430436967,3,False
2024-05-07,2.861201286082583,2.8687645128330983,3,False
2024-05-08,2.8416125417615077,2.8687497826224995,3,False
2024-05-11,2.7890219792943585,2.868705591990704,3,False
2024-05-12,2.897143025008341,2.868690861780105,3,False
2024-05-14,2.8697585896239244,2.8686614013589082,3,False
2024-05-15,2.8519275621420044,2.8686466711483094,3,False
2024-05-16,2.685948279611535,2.86863194093771,3,False
2024-05-18,2.8658488172977927,2.8686024805165133,3,False
2024-05-19,2.7906915851172647,2.8685877503059145,3,False
2024-05-30,3.132919734540005,3.132919734540005,4,False
2024-05-31,3.1566234702820974,3.132231736463542,4,False
2024-06-01,3.1326250940094553,3.13154373838708,4,False
2024-06-02,3.1246321514679334,3.130855740310618,4,False
2024-06-03,3.1098146661497172,3.1301677422341556,4,False
2024-06-06,2.8069308363469476,3.128103748004768,4,False
2024-06-07,2.9198390779189887,3.1274157499283057,4,False
2024-06-08,3.005561177589557,3.1267277518518437,4,False
2024-06-09,2.9851512610921014,3.1260397537753812,4,False
2024-06-10,2.9840601312485067,3.125351755698919,4,False
2024-06-11,2.9129905006723686,3.1246637576224567,4,False
2024-06-12,2.864303554846325,3.123975759545994,4,False
2024-06-13,2.7406555494535834,3.1232877614695322,4,False
2024-06-14,2.677901412151768,3.1225997633930693,4,False
2024-06-15,2.964098473558939,3.121911765316607,4,False
2024-06-17,3.0373604229351896,3.1205357691636824,4,False
2024-06-18,3.0311152280702665,3.11984777108722,4,False
2024-06-19,3.0407400257840718,3.119159773010758,4,False
2024-06-20,3.0402300014239763,3.118471774934295,4,False
2024-06-21,3.027737619581776,3.117783776857833,4,False
2024-06-22,3.0465440617251938,3.1170957787813705,4,False
2024-06-23,3.044960607666847,3.116407780704908,4,False
2024-06-24,3.048766504916788,3.115719782628446,4,False
2024-06-25,3.021292265689583,3.1150317845519835,4,False
2024-06-26,3.043322492072636,3.114343786475521,4,False
2024-06-27,3.055217759388879,3.113655788399059,4,False
2024-06-28,3.0661066825332295,3.112967790322597,4,False
2024-06-29,3.044528984947607,3.112279792246134,4,False
2024-06-30,3.024327247393826,3.1115917941696716,4,False
2024-07-01,3.2485951759872695,3.1109037960932096,4,False
2024-07-02,3.003863245220509,3.110215798016747,4,False
2024-07-03,3.0090253068874815,3.1095277999402846,4,False
2024-07-05,2.942382726036876,3.1081518037873597,4,False
2024-07-06,3.064851110429602,3.107463805710897,4,False
2024-07-07,3.0328560325317073,3.1067758076344347,4,False
2024-07-08,3.0393388421216585,3.1060878095579727,4,False
2024-07-09,3.055771789429052,3.1053998114815107,4,False
2024-07-10,2.9970736349688547,3.104711813405048,4,False
2024-07-11,2.9250673700145535,3.1040238153285857,4,False
2024-07-12,2.875411210608898,3.1033358172521237,4,False
2024-07-13,2.945399285694666,3.102647819175661,4,False
2024-07-14,3.013227278082245,3.1019598210991983,4,False
2024-07-15,3.1040206123262744,3.1012718230227363,4,False
2024-07-16,3.0340194322792677,3.100583824946274,4,False
2024-07-17,2.962403084118664,3.099895826869812,4,False
2024-07-18,2.9905895384317813,3.0992078287933493,4,False
2024-07-20,2.9655321466559927,3.097831832640425,4,False
2024-07-31,3.081201303281286,3.251265398246436,5,False
2024-08-01,3.251265398246436,3.2440103431972265,5,False
2024-08-02,3.334975428050827,3.2367552881480175,5,False
2024-08-03,3.3880895440530203,3.2295002330988085,5,False
2024-08-04,3.2094058835922907,3.222245178049599,5,False
2024-08-05,3.122504365099049,3.21499012300039,5,False
2024-08-06,3.0001716966130236,3.207735067951181,5,False
2024-08-07,3.036719302892464,3.2004800129019717,5,False
2024-08-08,3.121514975113036,3.1932249578527627,5,False
2024-08-09,3.109849336583919,3.1859699028035537,5,False
2024-08-10,3.0136300807031158,3.1787148477543443,5,False
2024-08-11,3.0111467303684476,3.1714597927051353,5,False
2024-08-12,3.02113254338562,3.164204737655926,5,False
2024-08-13,3.0813393135149445,3.156949682606717,5,False
2024-08-14,3.0149146948353764,3.149694627557508,5,False
2024-08-15,3.0706048123326775,3.1424395725082985,5,False
2024-08-16,3.0075993082504526,3.1351845174590895,5,False
2024-08-17,3.0169123819233716,3.1279294624098806,5,False
2024-08-18,3.1572162581273115,3.120674407360671,5,False
2024-08-19,3.1189579006577244,3.113419352311462,5,False
2024-08-20,3.394120744043134,3.106164297262253,5,False
2024-08-21,2.47657189851664,3.0989092422130438,5,False
2024-08-23,3.0280338204914967,3.084399132114626,5,False
2024-08-24,2.745807940509569,3.0771440770654164,5,False
2024-08-25,3.1108173560175856,3.069889022016207,5,False
2024-08-26,3.2975312648326556,3.0626339669669984,5,False
2024-08-27,2.6028341617862334,3.055378911917789,5,False
2024-08-28,2.8985456466129746,3.0481238568685796,5,False
2024-08-29,2.8498807049365302,3.04086880181937,5,False
2024-08-30,2.892234634692118,3.0336137467701616,5,False
2024-09-01,2.8720489638327944,3.0191036366717428,5,False
2024-09-02,2.947793210509283,3.011848581622534,5,False
2024-09-03,2.888920392948565,3.004593526573325,5,False
2024-09-04,2.446193959615387,2.9973384715241154,5,False
2024-09-05,3.0293673569716852,2.990083416474907,5,False
2024-09-06,2.8395169665261086,2.982828361425697,5,False
2024-09-07,2.725484196142589,2.975573306376488,5,False
2024-09-08,2.974993737927652,2.968318251327279,5,False
2024-09-13,3.182157519796183,2.932042976081233,5,False
2024-09-14,2.6933567048873384,2.9247879210320233,5,False
2024-09-15,4.431690657424501,2.9175328659828152,5,False
2024-09-17,2.7769780306036287,2.903022755884396,5,False
2024-09-18,2.319298768077185,2.8957677008351874,5,False
2024-09-19,2.7203303051301613,2.888512645785978,5,False
2024-09-20,3.256687964035412,2.8812575907367686,5,False
2024-09-21,2.3720752339075464,2.87400253568756,5,False
2024-09-22,2.990724202973111,2.8667474806383506,5,False
2024-09-23,2.844529517592888,2.859492425589141,5,False
2024-09-24,2.7186014882968648,2.852237370539932,5,False
2024-09-25,2.9437373748782596,2.8449823154907232,5,False
2024-09-26,2.6306490957434114,2.837727260441514,5,False
2024-09-27,3.182981669552532,2.830472205392305,5,False
2024-09-28,2.682983292995937,2.823217150343096,5,False
2024-10-01,2.903612170085522,2.8014519851954685,5,False
2024-10-02,2.793989393247229,2.794196930146259,5,False
2024-10-03,2.8006621893153376,2.78694187509705,5,False
2024-10-04,2.7651242293624123,2.7796868200478406,5,False
2024-10-05,2.6929667078362467,2.7724317649986316,5,False
2024-10-06,2.7322527825194074,2.7651767099494227,5,False
2024-10-07,2.7353356008757177,2.7579216549002132,5,False
2024-10-08,2.772942230234375,2.7506665998510043,5,False
2024-10-09,2.9693796699731747,2.7434115448017953,5,False
2024-10-10,2.7531703340330145,2.736156489752586,5,False
2024-10-11,2.836903692374227,2.728901434703377,5,False
2024-10-12,2.6698405825068954,2.721646379654168,5,False
2024-10-13,2.743802148613841,2.7143913246049585,5,False
2024-10-16,2.7482370275616903,2.692626159457331,5,False
2024-10-17,2.499907444045151,2.6853711044081217,5,False
2024-10-18,2.566627946892763,2.678116049358913,5,False
2024-10-19,2.4373704872377244,2.6708609943097037,5,False
2024-10-20,2.545193943483077,2.6636059392604943,5,False
2024-10-21,2.5541437508234686,2.6563508842112857,5,False
2024-10-22,2.5444237109710386,2.6490958291620763,5,False
2024-10-23,2.580537741050311,2.641840774112867,5,False
2024-10-24,2.527228746701804,2.6345857190636575,5,False
2024-10-26,2.609972298826389,2.6200756089652395,5,False
2024-10-27,2.3944101828894246,2.61282055391603,5,False
2024-10-28,2.681559374121623,2.6055654988668215,5,False
2024-10-29,2.739997925528994,2.598310443817612,5,False
2024-10-30,2.4734958437981507,2.5910553887684027,5,False
2024-10-31,2.2693955078768715,2.583800333719194,5,False
2024-11-01,2.4364108308352828,2.5765452786699847,5,False
2024-11-02,2.4069651274985473,2.5692902236207753,5,False
2024-11-03,2.352779881321057,2.5620351685715663,5,False
2024-11-04,2.4206881045873803,2.554780113522357,5,False
2024-11-05,2.405705853398184,2.547525058473148,5,False
2024-11-06,2.411481956578897,2.540270003423939,5,False
2024-11-07,2.3993629553794893,2.5330149483747295,5,False
2024-11-08,2.3866874253375183,2.5257598933255205,5,False
2024-11-09,2.373086497199581,2.5185048382763116,5,False
2024-11-10,2.495941369710853,2.511249783227102,5,False
2024-11-11,2.4226594507373806,2.503994728177893,5,False
2024-11-18,2.440408860642719,2.4532093428334294,5,False
2024-11-26,2.4566284461459205,2.3827149652813535,6,False
2024-11-27,2.369212533796713,2.380796088482775,6,False
2024-11-28,2.3827149652813535,2.378877211684197,6,False
2024-11-29,2.364288162650936,2.3769583348856185,6,False
2024-12-04,2.235313229511567,2.367363950892727,6,False
2024-12-05,2.216206224743265,2.365445074094149,6,False
2024-12-12,2.2816284989983155,2.3520129365041007,6,False
2024-12-13,2.343614376522604,2.350094059705522,6,False
2024-12-14,2.160325420407619,2.348175182906944,6,False
2024-12-16,2.1763922669000997,2.3443374293097876,6,False
2024-12-17,2.1481412780924516,2.3424185525112096,6,False
2024-12-19,2.137741179397142,2.338580798914053,6,False
2024-12-20,2.0082096362304718,2.3366619221154745,6,False
2024-12-29,2.5192026039722735,2.31939203092827,6,False
2024-12-30,2.2224351708448165,2.3174731541296913,6,False
2024-12-31,2.0959488110168296,2.3155542773311133,6,False
2025-01-01,2.1355999767799507,2.313635400532535,6,False
2025-01-02,2.198362236232511,2.3117165237339568,6,False
2025-01-03,2.2226085675801395,2.3097976469353783,6,False
2025-01-05,2.3108463901128755,2.3059598933382217,6,False
2025-01-06,2.258990936383768,2.3040410165396437,6,False
2025-01-07,2.261553889474905,2.302122139741065,6,False
2025-01-08,2.190063767049197,2.3002032629424867,6,False
2025-01-09,2.086538480481625,2.2982843861439086,6,False
2025-01-10,2.0988528130133526,2.29636550934533,6,False
2025-01-16,2.225946524114544,2.2848522485538605,6,False
2025-01-17,2.0900405518807177,2.282933371755282,6,False
2025-01-18,2.057641449723663,2.281014494956704,6,False
2025-01-19,2.0534679123579194,2.2790956181581254,6,False
2025-01-20,2.0537401991408504,2.2771767413595474,6,False
2025-01-21,2.033236266728185,2.275257864560969,6,False
2025-01-22,2.073463379741272,2.273338987762391,6,False
2025-01-23,2.1079298097137187,2.2714201109638124,6,False
2025-01-24,2.0140819591365173,2.2695012341652343,6,False
2025-01-26,2.0799318988477897,2.2656634805680773,6,False
2025-01-27,2.1638770201441155,2.2637446037694993,6,False
2025-01-28,2.0655137525134,2.2618257269709208,6,False
2025-01-29,2.0182875925909682,2.2599068501723427,6,False
2025-01-30,2.133555173865314,2.2579879733737642,6,False
2025-01-31,2.042051270140081,2.256069096575186,6,False
2025-02-01,2.0958729048604257,2.2541502197766077,6,False
2025-02-02,2.0538636024889563,2.2522313429780296,6,False
2025-02-03,2.0830827664702958,2.250312466179451,6,False
2025-02-04,2.139605878342778,2.248393589380873,6,False
2025-02-05,2.141982173723461,2.2464747125822946,6,False
2025-02-06,2.122975178828555,2.244555835783716,6,False
2025-02-07,2.112497996829953,2.242636958985138,6,False
2025-02-08,2.12827493705576,2.2407180821865595,6,False
2025-02-09,2.1618532100763046,2.2387992053879815,6,False
2025-02-10,2.0896905796450924,2.236880328589403,6,False
2025-02-11,2.131420478835394,2.234961451790825,6,False
2025-02-12,2.0774652063597667,2.2330425749922465,6,False
2025-02-13,2.1607392606878832,2.2311236981936684,6,False
2025-02-14,2.129720830844771,2.22920482139509,6,False
2025-02-18,2.022865654955973,2.221529314200777,6,False
2025-02-19,2.036869324351446,2.2196104374021983,6,False
2025-02-20,2.046636903312809,2.2176915606036203,6,False
2025-02-21,2.076689585569567,2.2157726838050418,6,False
2025-02-22,2.067381807027091,2.2138538070064637,6,False
2025-02-23,2.093163425007715,2.2119349302078852,6,False
2025-02-24,2.0373937073881434,2.2100160534093067,6,False
2025-02-26,2.0700970555696125,2.20617829981215,6,False
2025-03-01,2.112594385065648,2.2004216694164156,6,False
2025-03-03,2.072148065019616,2.196583915819259,6,False
2025-03-04,2.0219925370586687,2.194665039020681,6,False
2025-03-05,1.9951077524026897,2.192746162222102,6,False
2025-03-06,2.15258353455878,2.190827285423524,6,False
2025-03-07,2.14411969333302,2.1889084086249455,6,False
2025-03-08,2.1539675000574348,2.1869895318263675,6,False
2025-03-09,2.1534517726194675,2.185070655027789,6,False
2025-03-22,3.1404361949251114,3.1558765675425193,7,False
2025-03-24,3.1558765675425198,3.1503430090019604,7,False
2025-03-25,3.1597813478708763,3.147576229731681,7,False
2025-03-26,2.678415587841692,3.1448094504614015,7,False
2025-03-27,2.594680715065837,3.1420426711911222,7,False
2025-04-02,2.6441842064268903,3.1254419955694455,7,False
2025-04-03,2.612111775391594,3.1226752162991653,7,False
2025-04-04,2.690621910940708,3.1199084370288865,7,False
2025-04-05,2.6265296169858643,3.117141657758607,7,False
2025-04-08,2.555558594370346,3.1088413199477687,7,False
2025-04-09,2.654512158981029,3.1060745406774886,7,False
2025-04-10,2.692800171918021,3.1033077614072098,7,False
2025-04-11,2.7167736220127314,3.1005409821369296,7,False
2025-04-13,2.7348922177725727,3.095007423596371,7,False
2025-04-14,2.61830079853492,3.092240644326091,7,False
2025-04-15,2.6899232979391563,3.089473865055812,7,False
2025-04-16,2.713012883561165,3.0867070857855325,7,False
2025-04-17,2.692629366271017,3.083940306515253,7,False
2025-04-20,2.7085740517437547,3.0756399687044143,7,False
2025-04-21,2.6963502330456346,3.072873189434135,7,False
2025-04-22,2.6552379846018384,3.0701064101638553,7,False
2025-04-23,2.7590126188087654,3.067339630893576,7,False
2025-04-24,2.7459359385951188,3.0645728516232964,7,False
2025-04-25,2.7108306223729315,3.0618060723530167,7,False
2025-04-28,1.1497291455860237,3.0535057345421786,7,False
2025-04-29,2.3409245052839536,3.050738955271899,7,False
2025-04-30,2.3127923050103685,3.0479721760016196,7,False
2025-05-01,1.4772865123968044,3.0452053967313395,7,False
2025-05-02,2.5488770726085637,3.0424386174610607,7,False
2025-05-03,2.793333284667096,3.039671838190781,7,False
2025-05-04,2.7436147458909423,3.0369050589205013,7,False
2025-05-05,2.6102322739080464,3.034138279650222,7,False
2025-05-07,2.75957567302559,3.0286047211096627,7,False
2025-05-08,2.782940537076387,3.025837941839384,7,False
2025-05-11,2.806852049900386,3.0175376040285453,7,False
2025-05-12,2.7668533216315914,3.014770824758265,7,False
2025-05-13,2.7886997136796015,3.012004045487986,7,False
2025-05-14,2.8282836896325887,3.009237266217707,7,False
2025-05-15,3.119058347371942,3.006470486947427,7,False
2025-05-19,1.5583002051058545,2.995403369866309,7,False
2025-05-20,2.5754897291093553,2.9926365905960295,7,False
2025-05-21,2.719076755578168,2.9898698113257502,7,False
2025-05-22,2.58217611193738,2.9871030320554706,7,False
2025-05-23,2.7265255135201483,2.9843362527851913,7,False
2025-05-24,2.6638675849207685,2.9815694735149116,7,False
2025-05-27,2.7443372934804806,2.9732691357040735,7,False
2025-05-28,2.940551439172686,2.970502356433794,7,False
2025-05-29,2.732749511110098,2.9677355771635145,7,False
2025-05-31,2.703473687385378,2.9622020186229547,7,False
2025-06-01,2.719443570965123,2.9594352393526755,7,False
2025-06-02,2.8002534104240775,2.9566684600823963,7,False
2025-06-03,2.8067468857061697,2.9539016808121166,7,False
2025-06-04,2.7876843731449963,2.951134901541837,7,False
2025-06-09,2.8182462569564355,2.93730100519044,7,False
2025-06-10,2.822956762017876,2.93453422592016,7,False
2025-06-11,2.8367991346703207,2.9317674466498813,7,False
2025-06-12,2.820386115222936,2.929000667379601,7,False
2025-06-14,2.29225582347308,2.9234671088390423,7,False
2025-06-16,2.8374883007879244,2.9179335502984833,7,False
2025-06-17,2.762579483935975,2.9151667710282037,7,False
2025-06-18,2.7507756809952273,2.9123999917579244,7,False
2025-06-19,2.8180964189128073,2.9096332124876447,7,False
2025-06-23,2.83775970099547,2.898566095406527,7,False
2025-06-24,2.8237884241714353,2.8957993161362476,7,False
2025-06-25,2.770310472109117,2.8930325368659675,7,False
2025-06-26,2.365260344883542,2.8902657575956887,7,False
2025-06-27,2.7973482725685392,2.887498978325409,7,False
2025-06-29,2.7995551113715815,2.88196541978485,7,False
2025-06-30,2.7929290440698185,2.879198640514571,7,False
2025-07-01,2.791955203893484,2.8764318612442907,7,False
2025-07-02,2.7603337680101547,2.873665081974011,7,False
2025-07-03,2.835392520284139,2.8708983027037323,7,False
2025-07-04,2.8467017913070194,2.868131523433452,7,False
2025-07-05,2.833825592361371,2.865364744163173,7,False
2025-07-07,2.80430008298819,2.859831185622614,7,False
2025-07-08,2.7648771311202394,2.8570644063523343,7,False
2025-07-09,2.778383698882129,2.8542976270820555,7,False
2025-07-10,2.202782376269688,2.8515308478117753,7,False
2025-07-11,1.8247673473774118,2.848764068541496,7,False
2025-07-12,1.939336008112276,2.8459972892712164,7,False
2025-07-13,2.2818759490771274,2.843230510000937,7,False
2025-07-14,1.6818112228218711,2.8404637307306575,7,False
2025-07-15,2.680036829313182,2.8376969514603783,7,False
2025-07-16,1.8031627122406408,2.8349301721900986,7,False
2025-07-17,2.7811262690414145,2.832163392919819,7,False
2025-07-18,2.7829339410636598,2.8293966136495396,7,False
2025-07-19,2.779796591230642,2.82662983437926,7,False
2025-07-22,2.7288053404320207,2.818329496568422,7,False
2025-07-23,2.6860515966671246,2.8155627172981417,7,False
2025-07-24,2.4004212693520435,2.812795938027863,7,False
2025-07-25,2.8294458887455787,2.810029158757583,7,False
2025-07-26,2.1769649849720647,2.8072623794873035,7,False
2025-07-27,2.43146600866292,2.8044956002170243,7,False
2025-07-28,2.4284904659703725,2.801728820946745,7,False
2025-07-29,2.4451976245258296,2.798962041676465,7,False
2025-07-30,2.3718783205461014,2.796195262406186,7,False
2025-07-31,2.3346396084469814,2.7934284831359064,7,False
2025-08-01,2.0359746390235514,2.7906617038656263,7,False
2025-08-02,1.7465127198450874,2.787894924595347,7,False
2025-08-03,2.4407766682507672,2.7851281453250682,7,False
2025-08-04,2.394258048636886,2.782361366054788,7,False
2025-08-05,2.316594410940077,2.7795945867845084,7,False
2025-08-07,2.0747928689021116,2.7740610282439495,7,False
2025-08-08,1.2383634413993028,2.7712942489736703,7,False
2025-08-09,2.4015197539638296,2.7685274697033906,7,False
2025-08-10,2.25129707507335,2.7657606904331113,7,False
2025-08-13,2.3094715522565123,2.7574603526222727,7,False
2025-08-14,2.2475864180505556,2.7546935733519926,7,False
2025-08-15,2.1568687534240056,2.751926794081714,7,False
2025-08-16,1.0736233069844152,2.7491600148114346,7,False
2025-08-17,2.235909845250288,2.7463932355411544,7,False
2025-08-18,2.3019523894466967,2.7436264562708756,7,False
2025-08-20,2.432455169120894,2.738092897730316,7,False
2025-08-21,2.4250307285200763,2.735326118460037,7,False
2025-08-22,2.4003497694446136,2.7325593391897574,7,False
2025-08-23,2.368296192911738,2.7297925599194777,7,False
2025-08-24,2.400377980507454,2.7270257806491984,7,False
2025-08-25,2.112936738152871,2.724259001378919,7,False
2025-08-26,2.2664335745358994,2.721492222108639,7,False
2025-08-27,1.7627233030807812,2.7187254428383603,7,False
2025-08-28,2.196452038757241,2.7159586635680806,7,False
2025-08-29,2.4184885227284134,2.713191884297801,7,False
2025-08-30,2.3745071413010956,2.7104251050275217,7,False
2025-08-31,2.3899303463993893,2.707658325757242,7,False
2025-09-01,2.352247524798807,2.7048915464869623,7,False
2025-09-02,2.391213530794677,2.7021247672166826,7,False
2025-09-03,2.3850412990789387,2.6993579879464034,7,False
2025-09-04,2.3449324387437076,2.6965912086761237,7,False
2025-09-07,1.9572934342616213,2.6882908708652855,7,False
2025-09-08,1.947193501240677,2.685524091595006,7,False
2025-09-09,2.37093934048195,2.6827573123247266,7,False
2025-09-10,2.3576333859777736,2.679990533054447,7,False
2025-09-11,2.332872276709867,2.6772237537841677,7,False
2025-09-12,2.3373925397574378,2.674456974513888,7,False
2025-09-13,1.5117746253875806,2.6716901952436087,7,False
2025-09-14,1.732352720400191,2.6689234159733286,7,False
2025-09-15,1.9103394247789385,2.66615663670305,7,False
2025-09-16,2.189790186609193,2.66338985743277,7,False
2025-09-17,2.2717113349311435,2.66062307816249,7,False
2025-09-18,2.3582790649155334,2.657856298892211,7,False
2025-09-19,2.3248041561478097,2.655089519621932,7,False
2025-09-20,2.3411437221962488,2.652322740351652,7,False
2025-09-22,2.327023824955661,2.6467891818110933,7,False
2025-09-23,2.3162221867281163,2.644022402540813,7,False
2025-09-24,2.300075971200739,2.6412556232705344,7,False
2025-09-25,2.282062434635086,2.638488844000255,7,False
2025-09-26,1.5625630004034878,2.635722064729975,7,False
2025-09-27,1.5370518021721333,2.632955285459696,7,False
2025-09-28,2.2600799458401384,2.630188506189416,7,False
2025-09-30,2.456294485677167,2.6246549476488577,7,False
2025-10-01,2.439544479091074,2.6218881683785775,7,False
2025-10-08,2.3841883566307978,2.602520713486621,7,False
2025-10-09,2.3568724356260935,2.599753934216342,7,False
2025-10-10,2.360490984500455,2.596987154946062,7,False
2025-10-11,2.373857520466183,2.594220375675783,7,False
2025-10-12,2.391495541414778,2.591453596405503,7,False
2025-10-13,2.3868909724793017,2.588686817135224,7,False
2025-10-14,2.3190455042372022,2.5859200378649443,7,False
2025-10-15,2.3592904627460447,2.5831532585946646,7,False
2025-10-17,2.324169066900882,2.577619700054106,7,False
2025-10-18,2.2883213397274633,2.574852920783826,7,False
2025-10-20,2.2974263696554322,2.5693193622432675,7,False
